timepoint,altitude,latlng,watts,moving,cadence,velocity_smooth,time,heartrate,grade_smooth,distance
0,-1.2,"[52.137128, 4.393666]",126,False,66,0.0,0,109,6.9,0.0
1,-1.2,"[52.137119, 4.393625]",126,True,64,0.0,1,110,2.9,3.3
2,-0.6,"[52.137064, 4.393602]",125,True,63,0.0,2,112,2.2,8.7
3,-0.8,"[52.137026, 4.393559]",124,True,63,4.633,3,113,0.9,13.9
4,-0.8,"[52.136992, 4.39353]",124,True,65,4.475,4,113,-1.8,17.9
5,-1.0,"[52.136922, 4.393528]",124,True,63,5.1,5,114,-0.8,25.5
6,-1.0,"[52.136878, 4.393481]",106,True,62,5.56,6,114,0.0,31.1
7,-1.0,"[52.136824, 4.393445]",111,True,61,5.82,7,114,0.8,37.8
8,-0.8,"[52.136777, 4.393412]",133,True,61,5.96,8,114,0.9,43.7
9,-0.8,"[52.136732, 4.393373]",106,True,61,6.34,9,113,0.0,49.6
10,-0.8,"[52.13669, 4.39334]",103,True,65,5.78,10,113,-1.7,54.4
11,-1.0,"[52.13664, 4.393299]",130,True,65,5.92,11,113,-2.6,60.7
12,-1.2,"[52.136591, 4.393261]",161,True,63,5.8,12,113,-2.5,66.8
13,-1.4,"[52.136546, 4.393225]",146,True,67,5.72,13,113,-0.9,72.3
14,-1.4,"[52.136501, 4.393186]",141,True,56,5.72,14,113,0.9,78.2
15,-1.2,"[52.136458, 4.393151]",153,True,62,5.74,15,114,2.8,83.1
16,-1.0,"[52.136413, 4.393119]",171,True,57,5.68,16,114,3.7,89.1
17,-0.8,"[52.136369, 4.393087]",172,True,57,5.44,17,114,2.7,94.0
18,-0.6,"[52.136323, 4.393051]",134,True,59,5.5,18,115,0.9,99.8
19,-0.6,"[52.136278, 4.393014]",140,True,61,5.4,19,115,0.0,105.2
20,-0.8,"[52.136233, 4.392976]",143,True,61,5.5,20,115,-0.9,110.6
21,-0.8,"[52.136185, 4.392943]",134,True,62,5.46,21,114,-0.9,116.4
22,-0.8,"[52.136136, 4.392911]",138,True,59,5.68,22,114,0.9,122.4
23,-0.8,"[52.136091, 4.392874]",148,True,63,5.7,23,115,1.7,128.3
24,-0.6,"[52.136049, 4.392835]",172,True,61,5.74,24,115,1.8,133.9
25,-0.4,"[52.136008, 4.392791]",172,True,55,5.78,25,116,1.9,139.5
26,-0.4,"[52.135971, 4.392749]",150,True,55,5.58,26,116,1.9,144.3
27,-0.4,"[52.135931, 4.392702]",131,True,59,5.46,27,115,0.9,149.7
28,-0.2,"[52.135894, 4.392651]",145,True,58,5.36,28,114,0.9,155.1
29,-0.2,"[52.135858, 4.392594]",147,True,58,5.38,29,114,0.0,160.8
30,-0.2,"[52.135822, 4.392537]",149,True,61,5.42,30,113,-0.9,166.6
31,-0.4,"[52.135785, 4.392482]",155,True,61,5.58,31,113,-0.9,172.2
32,-0.4,"[52.135749, 4.39243]",150,True,61,5.54,32,114,-0.9,177.4
33,-0.4,"[52.135713, 4.392377]",132,True,57,5.5,33,116,0.0,182.6
34,-0.4,"[52.135677, 4.392317]",128,True,64,5.5,34,117,0.0,188.3
35,-0.4,"[52.135641, 4.392257]",140,True,63,5.56,35,118,0.0,194.4
36,-0.4,"[52.135604, 4.3922]",132,True,62,5.48,36,118,0.0,199.6
37,-0.4,"[52.135565, 4.392142]",106,True,62,5.64,37,119,0.0,205.6
38,-0.4,"[52.135525, 4.392084]",99,True,64,5.74,38,119,0.0,211.3
39,-0.4,"[52.135483, 4.392025]",90,True,65,5.84,39,120,0.0,217.5
40,-0.4,"[52.135443, 4.391965]",85,True,65,5.88,40,121,-0.8,223.8
41,-0.4,"[52.135404, 4.391903]",87,True,64,6.06,41,121,-0.8,229.9
42,-0.6,"[52.135363, 4.391842]",89,True,65,6.04,42,121,-0.8,235.8
43,-0.6,"[52.135322, 4.391782]",92,True,68,6.16,43,121,-1.7,242.1
44,-0.6,"[52.13528, 4.391724]",93,True,65,6.14,44,122,-1.6,248.2
45,-0.8,"[52.13524, 4.391663]",92,True,72,6.04,45,121,-1.6,254.0
46,-1.0,"[52.135195, 4.391595]",92,True,66,6.26,46,121,-2.4,261.2
47,-1.0,"[52.135154, 4.391535]",96,True,65,6.34,47,122,-2.4,267.5
48,-1.2,"[52.135113, 4.391478]",110,True,68,6.3,48,122,-1.7,273.6
49,-1.4,"[52.135072, 4.39142]",98,True,68,6.26,49,122,-0.8,279.5
50,-1.4,"[52.135032, 4.391361]",82,True,60,6.28,50,122,0.0,285.4
51,-1.2,"[52.134992, 4.391298]",85,True,70,6.1,51,121,1.6,291.7
52,-1.2,"[52.13495, 4.391235]",116,True,66,6.12,52,122,1.6,298.1
53,-1.0,"[52.134908, 4.391173]",99,True,63,6.18,53,121,0.0,304.5
54,-1.0,"[52.134866, 4.39111]",98,True,75,6.22,54,121,0.0,310.6
55,-1.2,"[52.134821, 4.391047]",102,True,63,6.32,55,121,-0.8,317.0
56,-1.2,"[52.134778, 4.390986]",93,True,72,6.36,56,121,-0.8,323.5
57,-1.2,"[52.134738, 4.390921]",91,True,69,6.36,57,121,0.0,329.9
58,-1.2,"[52.134696, 4.390854]",63,True,66,6.4,58,120,0.0,336.5
59,-1.2,"[52.134655, 4.390795]",116,True,67,6.42,59,120,0.0,342.7
60,-1.2,"[52.134612, 4.390732]",96,True,68,6.38,60,120,0.0,348.9
61,-1.2,"[52.134566, 4.390673]",84,True,69,6.38,61,120,-0.8,355.4
62,-1.2,"[52.134522, 4.39061]",81,True,73,6.42,62,120,-1.5,362.0
63,-1.4,"[52.134479, 4.390541]",83,True,72,6.44,63,120,-2.3,368.7
64,-1.6,"[52.134438, 4.390473]",90,True,67,6.48,64,120,-3.0,375.1
65,-1.8,"[52.134391, 4.390405]",69,True,74,6.58,65,119,-3.0,381.8
66,-2.0,"[52.134349, 4.390337]",51,True,0,6.66,66,119,-3.1,388.7
67,-2.2,"[52.134307, 4.390273]",0,True,0,6.6,67,118,-2.3,395.0
68,-2.4,"[52.134264, 4.39021]",0,True,0,6.5,68,118,-2.4,401.2
69,-2.4,"[52.134225, 4.390146]",0,True,0,6.52,69,117,-0.8,407.7
70,-2.6,"[52.134185, 4.390084]",0,True,0,6.44,70,117,0.8,414.0
71,-2.4,"[52.134144, 4.390024]",38,True,67,6.36,71,116,1.6,420.5
72,-2.2,"[52.134101, 4.389959]",115,True,72,6.42,72,116,2.4,427.1
73,-2.0,"[52.134059, 4.389894]",199,True,69,6.46,73,116,1.5,433.5
74,-2.0,"[52.134017, 4.389831]",171,True,71,6.36,74,116,0.8,439.5
75,-2.0,"[52.13397, 4.389762]",126,True,76,6.5,75,117,0.0,446.5
76,-2.0,"[52.133924, 4.389693]",115,True,75,6.6,76,117,-0.7,453.5
77,-2.0,"[52.133878, 4.389631]",115,True,75,6.58,77,116,-0.7,460.0
78,-2.2,"[52.133829, 4.389565]",12,True,0,6.66,78,116,-0.7,466.8
79,-2.2,"[52.133777, 4.389502]",12,True,0,6.86,79,116,-1.4,473.8
80,-2.2,"[52.133727, 4.389437]",14,True,71,6.88,80,115,0.0,480.9
81,-2.4,"[52.133677, 4.389371]",115,True,77,6.94,81,114,-0.7,488.2
82,-2.2,"[52.133631, 4.389303]",90,True,73,6.98,82,114,-0.7,494.9
83,-2.4,"[52.133584, 4.389236]",78,True,70,7.0,83,113,0.0,501.8
84,-2.4,"[52.133538, 4.389173]",83,True,71,6.9,84,113,-1.6,508.3
85,-2.4,"[52.133496, 4.389111]",81,True,70,6.74,85,112,-1.6,514.6
86,-2.6,"[52.133456, 4.389053]",80,True,71,6.5,86,111,-1.6,520.7
87,-2.8,"[52.133412, 4.388995]",101,True,71,6.34,87,110,-1.6,526.6
88,-2.8,"[52.133372, 4.388934]",81,True,65,6.2,88,110,-0.8,532.8
89,-2.8,"[52.133336, 4.388868]",97,True,68,6.2,89,109,0.8,539.3
90,-2.8,"[52.133294, 4.388802]",122,True,68,6.28,90,109,1.6,546.0
91,-2.6,"[52.133255, 4.388744]",112,True,65,6.22,91,109,2.4,551.8
92,-2.4,"[52.133212, 4.38868]",126,True,67,6.3,92,109,3.2,558.1
93,-2.2,"[52.133175, 4.388616]",145,True,72,6.3,93,110,2.4,564.3
94,-2.0,"[52.13313, 4.388557]",147,True,67,6.28,94,109,2.4,570.7
95,-2.0,"[52.133089, 4.388501]",120,True,68,6.14,95,109,2.4,576.7
96,-1.8,"[52.133045, 4.388441]",115,True,67,6.32,96,109,2.4,583.4
97,-1.6,"[52.133003, 4.388378]",90,True,59,6.3,97,108,3.1,589.6
98,-1.4,"[52.132964, 4.388316]",90,True,59,6.28,98,108,2.4,595.7
99,-1.2,"[52.132923, 4.388251]",32,True,32,6.32,99,108,1.6,602.3
100,-1.2,"[52.132882, 4.388188]",93,True,68,6.38,100,108,0.0,608.6
101,-1.2,"[52.132841, 4.388126]",107,True,68,6.26,101,108,-1.6,614.7
102,-1.4,"[52.132799, 4.388064]",105,True,69,6.3,102,108,-2.4,621.1
103,-1.6,"[52.132758, 4.388]",108,True,67,6.36,103,108,-3.2,627.5
104,-1.8,"[52.132717, 4.387937]",110,True,72,6.26,104,108,-3.1,633.6
105,-2.0,"[52.132676, 4.38787]",123,True,65,6.28,105,108,-2.4,640.0
106,-2.2,"[52.132635, 4.387806]",110,True,68,6.38,106,107,-1.6,646.6
107,-2.2,"[52.132595, 4.387745]",96,True,71,6.34,107,107,-1.6,652.8
108,-2.2,"[52.132556, 4.387686]",101,True,65,6.18,108,107,0.0,658.4
109,-2.4,"[52.132517, 4.387628]",98,True,66,6.14,109,107,0.8,664.3
110,-2.2,"[52.13248, 4.387571]",104,True,67,5.96,110,107,0.8,669.8
111,-2.0,"[52.132439, 4.387505]",117,True,71,5.98,111,107,2.4,676.5
112,-2.0,"[52.132397, 4.387441]",121,True,68,6.02,112,107,1.6,682.9
113,-1.8,"[52.132357, 4.387375]",105,True,67,6.16,113,108,0.0,689.2
114,-1.8,"[52.132315, 4.387311]",84,True,70,6.24,114,107,-0.8,695.5
115,-2.0,"[52.13227, 4.387241]",126,True,73,6.5,115,107,-1.5,702.3
116,-2.2,"[52.132225, 4.387176]",139,True,70,6.48,116,107,-1.5,708.9
117,-2.2,"[52.132178, 4.387111]",131,True,70,6.62,117,107,-0.7,716.0
118,-2.2,"[52.132136, 4.38705]",104,True,65,6.7,118,107,0.0,722.7
119,-2.2,"[52.132091, 4.386989]",90,True,67,6.72,119,107,0.0,729.1
120,-2.2,"[52.132047, 4.386929]",109,True,71,6.58,120,108,0.8,735.2
121,-2.2,"[52.132004, 4.386865]",135,True,71,6.5,121,108,0.8,741.4
122,-2.0,"[52.131961, 4.386795]",111,True,68,6.44,122,108,0.0,748.2
123,-2.0,"[52.131918, 4.386728]",99,True,75,6.38,123,109,0.0,754.6
124,-2.2,"[52.131874, 4.386664]",117,True,69,6.36,124,110,-1.6,760.9
125,-2.2,"[52.131829, 4.386602]",129,True,65,6.44,125,111,-1.6,767.4
126,-2.4,"[52.131788, 4.386547]",124,True,68,6.42,126,111,-0.8,773.5
127,-2.4,"[52.13175, 4.386487]",140,True,68,6.26,127,111,-0.8,779.5
128,-2.4,"[52.13171, 4.386426]",139,True,67,6.2,128,111,0.0,785.6
129,-2.4,"[52.131674, 4.386371]",115,True,68,6.08,129,112,0.8,791.3
130,-2.4,"[52.131638, 4.38631]",113,True,64,5.94,130,112,0.8,797.1
131,-2.2,"[52.131597, 4.386247]",119,True,67,6.02,131,112,0.8,803.6
132,-2.2,"[52.131556, 4.386189]",127,True,67,6.04,132,112,0.8,809.7
133,-2.2,"[52.131515, 4.386127]",120,True,72,6.08,133,111,0.8,816.0
134,-2.2,"[52.13147, 4.38607]",129,True,65,6.14,134,112,0.8,822.0
135,-2.0,"[52.13143, 4.386008]",132,True,63,6.22,135,112,0.8,828.2
136,-2.0,"[52.131388, 4.385946]",114,True,72,6.18,136,112,0.8,834.5
137,-2.0,"[52.131346, 4.385888]",57,True,0,6.2,137,112,0.8,840.7
138,-2.0,"[52.131307, 4.385829]",0,True,0,6.14,138,113,0.9,846.7
139,-1.8,"[52.13127, 4.38577]",0,True,0,6.1,139,113,1.8,852.5
140,-1.8,"[52.131236, 4.385715]",0,True,0,5.94,140,113,1.9,857.9
141,-1.6,"[52.131199, 4.385663]",0,True,0,5.74,141,113,3.1,863.2
142,-1.6,"[52.131169, 4.385615]",0,True,0,5.46,142,113,3.4,868.0
143,-1.2,"[52.131145, 4.385576]",0,True,0,5.06,143,114,5.1,872.0
144,-1.2,"[52.131118, 4.38555]",0,True,0,4.62,144,113,5.8,875.6
145,-0.8,"[52.13109, 4.385559]",0,True,0,4.18,145,113,3.0,878.8
146,-0.8,"[52.131068, 4.385584]",0,True,0,3.72,146,113,3.0,881.8
147,-0.8,"[52.131041, 4.385612]",0,True,0,3.46,147,113,0.0,885.3
148,-0.8,"[52.131011, 4.385619]",93,True,31,3.4,148,112,0.0,889.0
149,-0.8,"[52.130983, 4.385597]",140,True,31,3.3,149,112,0.0,892.1
150,-0.8,"[52.130961, 4.385558]",231,True,43,3.38,150,112,0.0,895.7
151,-0.8,"[52.130935, 4.385513]",233,True,43,3.64,151,111,0.0,900.0
152,-0.8,"[52.130911, 4.385468]",233,True,43,3.7,152,111,0.0,903.8
153,-0.8,"[52.130887, 4.38542]",232,True,50,3.8,153,111,1.1,908.0
154,-0.8,"[52.130859, 4.38537]",233,True,50,4.1,154,111,0.0,912.6
155,-0.6,"[52.130828, 4.38532]",265,True,50,4.36,155,111,0.0,917.5
156,-0.8,"[52.130793, 4.38527]",259,True,51,4.58,156,111,-1.0,922.9
157,-0.8,"[52.130757, 4.385218]",274,True,55,4.86,157,112,-2.7,928.1
158,-1.0,"[52.130717, 4.385163]",302,True,59,5.08,158,112,-3.5,933.4
159,-1.2,"[52.130675, 4.385104]",315,True,73,5.4,159,114,-4.1,939.6
160,-1.6,"[52.130637, 4.385044]",229,True,62,5.66,160,114,-3.9,945.8
161,-1.8,"[52.130592, 4.384974]",159,True,71,5.88,161,115,-3.1,952.3
162,-2.0,"[52.13055, 4.384905]",139,True,72,6.14,162,115,-1.5,958.8
163,-2.0,"[52.130504, 4.384837]",139,True,72,6.48,163,115,-1.5,965.8
164,-2.0,"[52.13046, 4.384773]",0,True,0,6.58,164,116,-0.8,972.5
165,-2.2,"[52.130419, 4.384714]",0,True,0,6.5,165,115,-0.8,978.3
166,-2.2,"[52.130377, 4.384652]",0,True,0,6.46,166,114,-0.8,984.6
167,-2.2,"[52.130336, 4.384591]",0,True,0,6.5,167,114,0.8,991.3
168,-2.2,"[52.130296, 4.384533]",0,True,0,6.28,168,114,1.6,997.2
169,-2.0,"[52.130256, 4.384472]",75,True,70,6.16,169,113,2.4,1003.3
170,-1.8,"[52.130215, 4.384409]",150,True,63,6.22,170,113,2.4,1009.4
171,-1.6,"[52.130171, 4.38435]",146,True,65,6.24,171,113,1.6,1015.8
172,-1.6,"[52.130127, 4.384288]",124,True,71,6.26,172,113,0.8,1022.6
173,-1.6,"[52.13009, 4.384227]",104,True,67,6.28,173,113,0.8,1028.6
174,-1.6,"[52.13005, 4.384168]",81,True,65,6.22,174,113,0.8,1034.4
175,-1.4,"[52.130009, 4.384109]",85,True,70,6.18,175,113,1.6,1040.3
176,-1.4,"[52.129965, 4.384043]",113,True,68,6.24,176,114,0.8,1047.0
177,-1.2,"[52.129919, 4.383982]",110,True,66,6.2,177,114,0.8,1053.6
178,-1.4,"[52.129878, 4.38392]",94,True,65,6.22,178,114,0.0,1059.7
179,-1.2,"[52.129837, 4.383859]",80,True,71,6.3,179,115,-1.6,1065.9
180,-1.4,"[52.129795, 4.383795]",77,True,66,6.4,180,115,-1.6,1072.3
181,-1.6,"[52.129752, 4.383731]",93,True,69,6.36,181,115,-2.4,1078.8
182,-1.8,"[52.129711, 4.383671]",92,True,63,6.3,182,115,-2.5,1085.1
183,-1.8,"[52.129673, 4.383617]",95,True,67,6.2,183,114,-2.5,1090.7
184,-2.0,"[52.129634, 4.38356]",113,True,64,6.14,184,114,-1.7,1096.6
185,-2.2,"[52.129596, 4.383503]",109,True,63,6.02,185,114,-0.9,1102.4
186,-2.2,"[52.129558, 4.383446]",99,True,63,5.84,186,114,0.9,1108.0
187,-2.0,"[52.129522, 4.383388]",118,True,64,5.68,187,114,2.6,1113.5
188,-1.8,"[52.12948, 4.383331]",126,True,61,5.76,188,114,3.5,1119.5
189,-1.6,"[52.129445, 4.383276]",130,True,59,5.7,189,114,2.6,1125.1
190,-1.4,"[52.129407, 4.383216]",134,True,61,5.74,190,114,1.7,1131.1
191,-1.4,"[52.129369, 4.38316]",134,True,63,5.76,191,114,0.9,1136.8
192,-1.4,"[52.12933, 4.383103]",144,True,60,5.84,192,114,0.0,1142.7
193,-1.4,"[52.129293, 4.383047]",156,True,59,5.76,193,114,0.0,1148.3
194,-1.4,"[52.129256, 4.382991]",135,True,59,5.8,194,114,0.0,1154.1
195,-1.4,"[52.129219, 4.382937]",120,True,62,5.68,195,115,0.9,1159.5
196,-1.4,"[52.129182, 4.38288]",107,True,60,5.66,196,114,0.9,1165.1
197,-1.2,"[52.129143, 4.382823]",120,True,65,5.66,197,114,1.8,1171.0
198,-1.2,"[52.129106, 4.382765]",127,True,58,5.68,198,114,2.7,1176.7
199,-1.0,"[52.129071, 4.382709]",131,True,58,5.64,199,114,2.8,1182.3
200,-0.8,"[52.129034, 4.382659]",0,True,0,5.6,200,114,3.8,1187.5
201,-0.6,"[52.129, 4.382614]",0,True,0,5.5,201,114,4.0,1192.6
202,-0.4,"[52.128965, 4.382565]",0,True,0,5.38,202,114,4.1,1197.9
203,-0.2,"[52.128935, 4.382521]",0,True,0,5.14,203,113,3.4,1202.4
204,0.0,"[52.128912, 4.382475]",0,True,0,4.9,204,113,2.6,1206.8
205,0.0,"[52.128887, 4.382438]",0,True,0,4.54,205,113,1.5,1210.2
206,0.0,"[52.128859, 4.38242]",0,True,0,4.16,206,113,0.0,1213.4
207,0.0,"[52.128835, 4.382434]",0,True,0,3.6,207,112,0.0,1215.9
208,0.0,"[52.128816, 4.382462]",61,True,31,3.22,208,112,0.0,1218.5
209,0.0,"[52.128799, 4.3825]",245,True,31,2.96,209,111,1.5,1221.6
210,0.0,"[52.128781, 4.382542]",245,True,31,3.0,210,111,2.7,1225.2
211,0.2,"[52.128759, 4.382587]",162,True,30,3.1,211,111,2.3,1228.9
212,0.4,"[52.128736, 4.382642]",162,True,41,3.52,212,111,1.0,1233.5
213,0.4,"[52.128708, 4.382707]",204,True,51,4.08,213,111,-0.9,1238.9
214,0.2,"[52.128681, 4.382773]",212,True,61,4.58,214,111,-3.6,1244.5
215,0.0,"[52.128649, 4.382834]",192,True,58,4.98,215,112,-4.4,1250.1
216,-0.4,"[52.128616, 4.382898]",172,True,65,5.36,216,112,-4.4,1255.7
217,-0.6,"[52.128583, 4.382965]",159,True,61,5.64,217,113,-3.4,1261.7
218,-0.8,"[52.128549, 4.383032]",121,True,63,5.68,218,114,-1.6,1267.3
219,-0.8,"[52.128514, 4.383103]",98,True,67,5.86,219,114,-0.8,1273.8
220,-0.8,"[52.128478, 4.383174]",156,True,73,6.0,220,115,-0.8,1280.1
221,-0.8,"[52.128441, 4.383246]",151,True,63,6.14,221,115,0.0,1286.4
222,-1.0,"[52.128404, 4.383319]",151,True,63,6.22,222,115,0.0,1292.8
223,-0.8,"[52.128366, 4.383401]",201,True,73,6.5,223,115,0.7,1299.8
224,-0.8,"[52.128328, 4.383487]",403,True,76,6.68,224,115,2.1,1307.2
225,-0.6,"[52.128289, 4.383564]",324,True,65,6.8,225,115,1.4,1314.1
226,-0.4,"[52.128249, 4.38364]",23,True,75,6.88,226,116,1.4,1320.8
227,-0.4,"[52.128207, 4.383722]",39,True,71,7.16,227,116,0.0,1328.6
228,-0.4,"[52.128167, 4.3838]",121,True,76,7.14,228,116,-1.4,1335.5
229,-0.6,"[52.128129, 4.383876]",194,True,75,7.02,229,115,-1.5,1342.3
230,-0.8,"[52.128089, 4.383955]",92,True,77,6.98,230,115,-2.2,1349.0
231,-0.8,"[52.128048, 4.38403]",101,True,75,7.0,231,116,-2.2,1355.8
232,-1.0,"[52.128007, 4.384105]",121,True,73,6.8,232,115,-1.5,1362.6
233,-1.2,"[52.127965, 4.384179]",126,True,73,6.86,233,116,-1.5,1369.8
234,-1.2,"[52.127923, 4.384247]",158,True,74,6.82,234,116,-0.7,1376.4
235,-1.2,"[52.127881, 4.384315]",151,True,76,6.74,235,116,0.0,1382.7
236,-1.2,"[52.12784, 4.384387]",141,True,70,6.7,236,116,0.0,1389.3
237,-1.2,"[52.127799, 4.384458]",151,True,70,6.62,237,117,0.0,1395.7
238,-1.2,"[52.127759, 4.38453]",174,True,72,6.46,238,117,-0.8,1402.1
239,-1.2,"[52.127718, 4.384606]",168,True,65,6.5,239,118,0.0,1408.9
240,-1.4,"[52.127676, 4.384674]",188,True,72,6.58,240,118,0.0,1415.6
241,-1.2,"[52.127637, 4.384747]",193,True,68,6.56,241,118,0.8,1422.1
242,-1.2,"[52.127597, 4.384819]",193,True,69,6.58,242,118,1.6,1428.6
243,-1.0,"[52.127561, 4.384885]",190,True,72,6.54,243,119,0.8,1434.8
244,-1.0,"[52.127524, 4.384944]",188,True,67,6.4,244,119,0.8,1440.9
245,-1.0,"[52.127483, 4.385013]",176,True,67,6.42,245,119,0.8,1447.7
246,-1.0,"[52.127447, 4.385081]",178,True,72,6.38,246,119,0.8,1454.0
247,-0.8,"[52.127413, 4.385145]",187,True,65,6.22,247,119,1.6,1459.7
248,-0.8,"[52.127373, 4.385207]",215,True,64,6.16,248,120,2.5,1465.6
249,-0.6,"[52.127335, 4.385272]",217,True,64,6.22,249,120,2.4,1472.0
250,-0.4,"[52.127295, 4.385342]",174,True,69,6.14,250,120,1.5,1478.4
251,-0.2,"[52.127254, 4.385409]",147,True,72,6.22,251,121,0.8,1485.1
252,-0.4,"[52.127214, 4.385476]",173,True,68,6.38,252,121,0.0,1491.6
253,-0.4,"[52.127176, 4.385545]",183,True,66,6.36,253,121,-0.8,1497.4
254,-0.4,"[52.127135, 4.385619]",147,True,64,6.44,254,121,0.0,1504.2
255,-0.4,"[52.127094, 4.385687]",112,True,73,6.44,255,120,0.0,1510.6
256,-0.4,"[52.127056, 4.385752]",126,True,64,6.34,256,121,-0.9,1516.8
257,-0.4,"[52.127009, 4.385799]",63,True,0,6.14,257,120,-0.9,1522.3
258,-0.6,"[52.126959, 4.385822]",0,True,0,6.04,258,120,-0.9,1527.6
259,-0.6,"[52.126909, 4.385814]",0,True,0,5.74,259,120,-0.9,1532.9
260,-0.6,"[52.126862, 4.385778]",0,True,0,5.54,260,120,0.0,1538.3
261,-0.6,"[52.126817, 4.385727]",0,True,0,5.46,261,120,0.8,1544.1
262,-0.6,"[52.126774, 4.38567]",326,True,69,5.66,262,120,0.8,1550.6
263,-0.4,"[52.126733, 4.385617]",293,True,67,5.84,263,120,0.8,1556.8
264,-0.4,"[52.12669, 4.385562]",240,True,68,5.92,264,121,0.8,1562.5
265,-0.4,"[52.126644, 4.385508]",141,True,68,6.16,265,122,0.0,1569.1
266,-0.4,"[52.126599, 4.385463]",103,True,67,6.04,266,122,0.0,1574.3
267,-0.4,"[52.126553, 4.385415]",110,True,67,5.96,267,122,0.0,1580.4
268,-0.4,"[52.126507, 4.385357]",110,True,67,5.96,268,122,0.0,1586.6
269,-0.4,"[52.126461, 4.385301]",125,True,70,6.18,269,122,0.0,1593.4
270,-0.4,"[52.126418, 4.385245]",140,True,70,6.1,270,122,0.0,1599.6
271,-0.4,"[52.126374, 4.385187]",124,True,67,6.34,271,122,0.0,1606.0
272,-0.4,"[52.126331, 4.38513]",137,True,70,6.42,272,122,0.8,1612.5
273,-0.4,"[52.126287, 4.385072]",138,True,65,6.36,273,121,0.0,1618.4
274,-0.2,"[52.126244, 4.385015]",136,True,68,6.3,274,122,0.8,1624.9
275,-0.4,"[52.126204, 4.38496]",147,True,67,6.22,275,121,0.8,1630.7
276,-0.2,"[52.126165, 4.384903]",163,True,67,6.14,276,121,0.0,1636.7
277,-0.2,"[52.126121, 4.384851]",163,True,66,5.92,277,121,0.8,1642.1
278,-0.2,"[52.126074, 4.384793]",157,True,68,6.12,278,121,0.0,1649.0
279,-0.2,"[52.126032, 4.384734]",145,True,66,6.1,279,121,-0.8,1655.4
280,-0.2,"[52.125993, 4.384677]",125,True,66,6.08,280,122,-0.8,1661.1
281,-0.4,"[52.125954, 4.384616]",129,True,68,6.18,281,121,-0.8,1667.6
282,-0.4,"[52.125912, 4.384557]",135,True,66,6.32,282,121,0.0,1673.7
283,-0.4,"[52.125873, 4.3845]",133,True,65,6.16,283,121,1.7,1679.8
284,-0.2,"[52.125833, 4.384443]",140,True,68,6.0,284,121,2.5,1685.4
285,0.0,"[52.125792, 4.384383]",151,True,66,5.98,285,120,3.4,1691.0
286,0.2,"[52.125749, 4.384327]",145,True,67,5.94,286,120,3.3,1697.3
287,0.4,"[52.125708, 4.384268]",125,True,68,5.98,287,119,2.4,1703.6
288,0.6,"[52.125667, 4.384208]",120,True,65,5.94,288,119,1.6,1709.5
289,0.6,"[52.125622, 4.384146]",124,True,67,6.08,289,118,0.0,1715.8
290,0.6,"[52.125576, 4.384087]",118,True,70,6.12,290,118,-0.8,1721.6
291,0.4,"[52.125534, 4.38403]",109,True,68,6.02,291,118,-0.8,1727.4
292,0.4,"[52.12549, 4.383974]",98,True,67,6.06,292,118,0.0,1733.9
293,0.4,"[52.125448, 4.383923]",98,True,67,6.06,293,117,0.8,1739.8
294,0.6,"[52.125403, 4.383868]",32,True,0,6.08,294,117,0.0,1746.2
295,0.6,"[52.125362, 4.383815]",0,True,0,6.02,295,117,0.0,1751.7
296,0.4,"[52.125322, 4.383757]",0,True,0,6.12,296,117,-0.9,1758.0
297,0.4,"[52.125284, 4.383705]",0,True,0,6.0,297,116,-0.9,1763.9
298,0.4,"[52.125251, 4.383658]",0,True,0,5.88,298,116,0.9,1769.2
299,0.4,"[52.125222, 4.383609]",0,True,0,5.62,299,116,1.0,1774.3
300,0.6,"[52.125192, 4.383549]",0,True,0,5.62,300,116,1.0,1779.8
301,0.6,"[52.125162, 4.3835]",0,True,0,5.32,301,115,1.0,1784.6
302,0.6,"[52.125125, 4.383459]",0,True,0,4.96,302,115,-2.0,1788.7
303,0.6,"[52.12508, 4.383406]",0,True,0,5.02,303,115,-3.7,1794.3
304,0.2,"[52.125036, 4.38336]",0,True,0,5.12,304,114,-4.2,1799.9
305,-0.2,"[52.124987, 4.383311]",261,True,65,5.28,305,114,-4.9,1806.2
306,-0.4,"[52.12494, 4.383256]",261,True,65,5.6,306,113,-4.0,1812.6
307,-0.6,"[52.124892, 4.383193]",248,True,70,6.04,307,113,-2.4,1818.9
308,-0.8,"[52.124849, 4.383134]",244,True,67,6.16,308,114,-1.7,1825.1
309,-0.8,"[52.124813, 4.383084]",232,True,72,6.2,309,114,0.0,1830.9
310,-0.8,"[52.124774, 4.383033]",143,True,67,5.92,310,115,1.8,1835.8
311,-0.6,"[52.124734, 4.382972]",112,True,67,5.78,311,115,1.7,1841.5
312,-0.4,"[52.124699, 4.382914]",105,True,67,5.78,312,115,1.6,1847.8
313,-0.4,"[52.124648, 4.382848]",105,True,67,5.88,313,115,1.5,1854.5
314,-0.4,"[52.124599, 4.382787]",116,True,65,6.06,314,116,0.8,1861.2
315,-0.2,"[52.124558, 4.382728]",124,True,65,6.42,315,115,0.8,1867.9
316,-0.2,"[52.124523, 4.382669]",131,True,65,6.52,316,116,0.8,1874.1
317,-0.2,"[52.124485, 4.382608]",153,True,65,6.46,317,117,0.9,1880.1
318,-0.2,"[52.124451, 4.382554]",157,True,66,6.22,318,117,0.9,1885.6
319,0.0,"[52.124413, 4.382502]",162,True,67,5.98,319,117,1.7,1891.1
320,0.0,"[52.124368, 4.382444]",149,True,63,5.92,320,118,1.7,1897.5
321,0.2,"[52.12433, 4.382382]",146,True,70,6.0,321,117,0.8,1904.1
322,0.2,"[52.12429, 4.382328]",151,True,64,5.92,322,117,0.8,1909.7
323,0.2,"[52.124246, 4.382271]",153,True,68,6.1,323,117,0.8,1916.1
324,0.2,"[52.124202, 4.38221]",144,True,66,6.14,324,116,0.8,1921.8
325,0.4,"[52.124165, 4.382149]",133,True,68,6.08,325,116,0.8,1927.9
326,0.4,"[52.124121, 4.382085]",127,True,67,6.04,326,116,0.8,1934.3
327,0.4,"[52.124073, 4.382024]",124,True,67,6.26,327,116,0.0,1941.0
328,0.4,"[52.124027, 4.381962]",107,True,68,6.32,328,116,0.0,1947.7
329,0.4,"[52.123982, 4.381899]",100,True,70,6.52,329,115,-0.7,1954.4
330,0.4,"[52.123939, 4.381834]",101,True,68,6.66,330,115,-1.5,1961.2
331,0.2,"[52.123901, 4.381768]",99,True,69,6.8,331,115,-1.6,1968.3
332,0.0,"[52.123867, 4.381708]",119,True,69,6.58,332,115,-1.6,1973.9
333,0.0,"[52.123829, 4.381642]",123,True,69,6.36,333,114,0.0,1979.5
334,0.0,"[52.12378, 4.381575]",127,True,67,6.4,334,114,0.8,1986.4
335,0.2,"[52.123737, 4.381512]",124,True,68,6.24,335,114,0.8,1992.4
336,0.2,"[52.123696, 4.381448]",124,True,69,6.08,336,114,0.8,1998.7
337,0.2,"[52.123655, 4.381388]",127,True,68,6.32,337,114,0.0,2005.5
338,0.2,"[52.123616, 4.381333]",138,True,67,6.56,338,114,0.0,2012.3
339,0.2,"[52.123585, 4.381263]",111,True,70,6.46,339,114,0.0,2018.7
340,0.2,"[52.123546, 4.381199]",105,True,67,6.54,340,114,0.8,2025.1
341,0.2,"[52.123499, 4.381135]",118,True,69,6.58,341,115,0.8,2031.6
342,0.4,"[52.123456, 4.381074]",129,True,65,6.5,342,115,0.8,2038.0
343,0.4,"[52.123413, 4.381011]",132,True,68,6.52,343,115,0.8,2044.9
344,0.4,"[52.123372, 4.380952]",131,True,69,6.44,344,115,0.0,2050.9
345,0.4,"[52.123331, 4.380891]",124,True,70,6.34,345,115,0.0,2056.8
346,0.4,"[52.123291, 4.380824]",116,True,70,6.36,346,115,0.0,2063.4
347,0.4,"[52.123251, 4.380758]",116,True,69,6.34,347,115,0.0,2069.7
348,0.4,"[52.123208, 4.380691]",113,True,70,6.28,348,115,0.0,2076.3
349,0.4,"[52.123163, 4.380628]",97,True,66,6.36,349,115,0.0,2082.7
350,0.4,"[52.12312, 4.380565]",87,True,69,6.48,350,115,-0.8,2089.2
351,0.4,"[52.123076, 4.380502]",87,True,70,6.42,351,115,-0.8,2095.5
352,0.2,"[52.123035, 4.380436]",103,True,67,6.48,352,115,-1.6,2102.1
353,0.2,"[52.122993, 4.38037]",107,True,67,6.42,353,114,-1.6,2108.4
354,0.0,"[52.122951, 4.380304]",114,True,67,6.44,354,115,-0.8,2114.9
355,0.0,"[52.12291, 4.380242]",107,True,67,6.4,355,115,-0.8,2121.2
356,0.0,"[52.122872, 4.380182]",103,True,67,6.32,356,115,0.8,2127.1
357,0.0,"[52.12283, 4.380123]",0,True,0,6.26,357,114,1.6,2133.4
358,0.2,"[52.122788, 4.380062]",0,True,0,6.26,358,115,1.6,2139.7
359,0.4,"[52.122749, 4.380003]",0,True,0,6.18,359,115,2.4,2145.8
360,0.4,"[52.122713, 4.379942]",0,True,0,6.1,360,115,1.6,2151.7
361,0.6,"[52.122671, 4.379877]",0,True,0,6.26,361,116,0.0,2158.4
362,0.6,"[52.122627, 4.379812]",61,True,70,6.22,362,117,0.0,2164.5
363,0.4,"[52.122586, 4.379748]",247,True,70,6.28,363,117,-1.5,2171.1
364,0.4,"[52.122545, 4.379677]",226,True,69,6.42,364,117,-2.3,2177.9
365,0.2,"[52.122503, 4.379608]",153,True,69,6.56,365,117,-1.5,2184.5
366,0.0,"[52.122459, 4.379543]",139,True,72,6.44,366,118,0.8,2190.6
367,0.0,"[52.122412, 4.379481]",163,True,75,6.56,367,118,3.1,2197.3
368,0.6,"[52.122367, 4.379424]",181,True,69,6.5,368,118,6.2,2203.6
369,1.0,"[52.122324, 4.379367]",164,True,71,6.42,369,117,8.7,2210.0
370,1.6,"[52.12228, 4.379307]",153,True,79,6.38,370,118,7.1,2216.4
371,2.2,"[52.122241, 4.379244]",143,True,67,6.38,371,118,4.7,2222.5
372,2.4,"[52.1222, 4.379174]",153,True,69,6.34,372,118,0.8,2229.0
373,2.2,"[52.122161, 4.379105]",143,True,73,6.4,373,118,-3.9,2235.6
374,1.8,"[52.122121, 4.379032]",143,True,73,6.46,374,118,-6.2,2242.3
375,1.2,"[52.122082, 4.378968]",128,True,32,6.4,375,118,-7.1,2248.4
376,0.8,"[52.122038, 4.378903]",69,True,68,6.5,376,119,-6.5,2255.0
377,0.4,"[52.121998, 4.378843]",122,True,65,6.42,377,119,-3.1,2261.1
378,0.2,"[52.121962, 4.378774]",131,True,67,6.3,378,120,-1.6,2267.1
379,0.4,"[52.121918, 4.378706]",145,True,65,6.32,379,120,0.0,2273.9
380,0.4,"[52.121876, 4.378643]",155,True,72,6.34,380,121,0.8,2280.1
381,0.4,"[52.121834, 4.378583]",130,True,67,6.32,381,121,0.0,2286.6
382,0.4,"[52.121792, 4.378518]",134,True,68,6.38,382,121,0.0,2293.0
383,0.4,"[52.121751, 4.378451]",146,True,69,6.54,383,120,0.0,2299.8
384,0.4,"[52.121712, 4.37839]",146,True,69,6.42,384,119,0.0,2306.0
385,0.4,"[52.121673, 4.378328]",135,True,71,6.4,385,119,0.0,2312.1
386,0.4,"[52.121632, 4.378263]",112,True,68,6.4,386,119,0.8,2318.6
387,0.4,"[52.121594, 4.378201]",128,True,67,6.3,387,118,0.8,2324.5
388,0.6,"[52.121558, 4.378137]",116,True,65,6.1,388,118,1.7,2330.3
389,0.6,"[52.121519, 4.378072]",127,True,67,6.08,389,118,1.6,2336.4
390,0.8,"[52.121478, 4.378009]",151,True,70,6.1,390,118,0.8,2342.6
391,0.8,"[52.121437, 4.377947]",142,True,66,6.04,391,118,0.8,2348.8
392,0.8,"[52.121394, 4.377883]",123,True,69,6.2,392,119,-0.8,2355.5
393,0.8,"[52.121351, 4.37782]",113,True,69,6.4,393,118,-0.8,2362.3
394,0.6,"[52.121311, 4.377757]",112,True,70,6.4,394,118,-0.8,2368.4
395,0.6,"[52.12127, 4.377692]",109,True,67,6.44,395,119,-0.8,2374.8
396,0.6,"[52.121228, 4.377629]",111,True,69,6.48,396,118,0.0,2381.2
397,0.6,"[52.121186, 4.377568]",121,True,71,6.38,397,118,0.0,2387.4
398,0.6,"[52.121145, 4.377504]",127,True,68,6.26,398,117,0.0,2393.6
399,0.6,"[52.121101, 4.37744]",117,True,68,6.38,399,117,0.0,2400.3
400,0.6,"[52.121056, 4.377376]",118,True,67,6.38,400,117,0.0,2406.7
401,0.6,"[52.121015, 4.37731]",137,True,69,6.4,401,117,0.0,2413.2
402,0.6,"[52.120972, 4.377243]",136,True,69,6.48,402,117,0.0,2419.8
403,0.6,"[52.120926, 4.377178]",128,True,69,6.54,403,117,0.0,2426.3
404,0.6,"[52.12089, 4.377114]",118,True,68,6.52,404,118,0.0,2432.9
405,0.6,"[52.120854, 4.377048]",150,True,68,6.4,405,118,0.0,2438.7
406,0.6,"[52.120815, 4.376982]",152,True,68,6.3,406,118,0.0,2444.7
407,0.6,"[52.120777, 4.37692]",127,True,69,6.24,407,117,0.8,2451.0
408,0.6,"[52.120735, 4.376854]",127,True,67,6.18,408,118,0.8,2457.2
409,0.8,"[52.120696, 4.376792]",130,True,67,6.06,409,118,1.7,2463.2
410,0.8,"[52.120655, 4.376733]",131,True,69,6.1,410,117,1.7,2469.2
411,1.0,"[52.120619, 4.376672]",140,True,69,6.08,411,118,0.8,2475.1
412,1.0,"[52.120579, 4.376604]",117,True,67,6.02,412,118,0.8,2481.1
413,1.0,"[52.120541, 4.376537]",115,True,68,6.14,413,118,0.0,2487.9
414,1.0,"[52.120498, 4.376476]",124,True,68,6.22,414,118,0.0,2494.3
415,1.0,"[52.120456, 4.376415]",122,True,68,6.24,415,118,0.8,2500.4
416,1.0,"[52.120418, 4.376348]",112,True,67,6.34,416,119,0.8,2506.8
417,1.2,"[52.120377, 4.376284]",112,True,67,6.38,417,118,0.8,2513.0
418,1.2,"[52.120334, 4.376218]",120,True,68,6.32,418,118,0.8,2519.5
419,1.2,"[52.120291, 4.376152]",128,True,66,6.28,419,119,0.0,2525.7
420,1.2,"[52.120249, 4.376084]",121,True,69,6.36,420,118,-0.8,2532.2
421,1.2,"[52.120206, 4.376018]",117,True,69,6.5,421,119,-0.8,2539.3
422,1.0,"[52.120165, 4.375954]",111,True,68,6.5,422,119,-0.8,2545.5
423,1.0,"[52.120123, 4.37589]",116,True,67,6.48,423,119,-0.8,2551.9
424,1.0,"[52.120082, 4.375827]",120,True,67,6.5,424,119,0.0,2558.2
425,1.0,"[52.120037, 4.375764]",135,True,69,6.5,425,119,0.0,2564.7
426,1.0,"[52.119995, 4.375706]",132,True,67,6.34,426,119,0.0,2571.0
427,1.0,"[52.119945, 4.375655]",126,True,68,6.42,427,119,0.0,2577.6
428,1.0,"[52.119896, 4.375603]",131,True,65,6.42,428,119,0.0,2584.0
429,1.0,"[52.119849, 4.375555]",132,True,66,6.36,429,119,0.0,2590.0
430,1.0,"[52.119799, 4.375513]",125,True,68,6.34,430,118,0.8,2596.4
431,1.0,"[52.119749, 4.37547]",117,True,66,6.38,431,118,0.8,2602.9
432,1.2,"[52.119698, 4.375434]",117,True,67,6.3,432,118,0.8,2609.1
433,1.2,"[52.119652, 4.375396]",129,True,67,6.16,433,118,1.7,2614.8
434,1.2,"[52.119603, 4.375359]",124,True,67,6.12,434,118,0.9,2620.6
435,1.4,"[52.119557, 4.375319]",124,True,67,6.02,435,118,1.7,2626.5
436,1.4,"[52.11951, 4.375284]",0,True,0,5.92,436,118,1.8,2632.5
437,1.6,"[52.119464, 4.375255]",0,True,0,5.72,437,118,0.9,2637.7
438,1.6,"[52.11942, 4.37523]",0,True,0,5.56,438,118,1.0,2642.6
439,1.6,"[52.119377, 4.375207]",0,True,0,5.42,439,117,0.0,2647.7
440,1.6,"[52.119338, 4.37518]",0,True,0,5.16,440,117,0.0,2652.3
441,1.6,"[52.119297, 4.375158]",0,True,0,4.96,441,117,1.2,2657.3
442,1.6,"[52.119263, 4.375134]",0,True,0,4.68,442,117,1.2,2661.1
443,1.8,"[52.119227, 4.375113]",0,True,0,4.42,443,117,2.6,2664.7
444,1.8,"[52.119193, 4.375095]",0,True,0,4.2,444,116,4.1,2668.7
445,2.0,"[52.11916, 4.375079]",0,True,0,4.06,445,116,2.8,2672.6
446,2.2,"[52.119135, 4.375062]",0,True,0,3.72,446,116,4.6,2675.9
447,2.2,"[52.11911, 4.375047]",0,True,0,3.6,447,116,5.3,2679.1
448,2.4,"[52.11909, 4.375036]",0,True,0,3.42,448,116,3.4,2681.8
449,2.6,"[52.119076, 4.375025]",0,True,0,3.04,449,116,5.6,2683.9
450,2.6,"[52.118989, 4.375114]",0,True,0,3.012,450,115,5.9,2687.7
451,2.8,"[52.118906, 4.375202]",0,True,0,2.784,451,115,3.9,2689.8
452,3.0,"[52.118823, 4.375291]",0,True,0,2.576,452,115,4.6,2692.0
453,3.0,"[52.11874, 4.375379]",0,False,52,0.032,586,95,3.7,2694.1
454,3.2,"[52.118657, 4.375468]",154,True,50,0.032,587,95,1.5,2696.3
455,3.2,"[52.118631, 4.375515]",153,True,52,0.064,588,95,1.3,2700.7
456,3.2,"[52.118602, 4.375564]",153,True,52,0.097,589,95,0.0,2705.3
457,3.2,"[52.118572, 4.375612]",143,True,53,0.131,590,95,0.0,2710.0
458,3.2,"[52.118543, 4.37566]",146,True,52,0.131,591,96,0.0,2714.4
459,3.2,"[52.11851, 4.375712]",152,True,52,0.131,592,96,0.0,2719.5
460,3.2,"[52.11848, 4.375771]",153,True,53,4.84,593,98,0.0,2724.9
461,3.2,"[52.118448, 4.375824]",150,True,54,4.92,594,99,0.0,2729.9
462,3.2,"[52.118416, 4.37588]",144,True,56,5.04,595,100,-1.0,2735.2
463,3.2,"[52.118385, 4.375934]",136,True,57,5.18,596,100,-0.9,2740.3
464,3.0,"[52.118352, 4.375991]",126,True,58,5.22,597,101,-0.9,2745.6
465,3.0,"[52.118317, 4.376049]",118,True,58,5.22,598,103,-1.8,2751.0
466,3.0,"[52.118282, 4.376108]",118,True,58,5.3,599,106,-0.9,2756.4
467,2.8,"[52.118247, 4.376168]",111,True,59,5.44,600,107,-0.9,2762.4
468,2.8,"[52.118209, 4.376227]",107,True,59,5.54,601,107,-0.9,2768.0
469,2.8,"[52.118174, 4.376281]",90,True,58,5.58,602,108,0.0,2773.5
470,2.8,"[52.118138, 4.37634]",83,True,63,5.58,603,108,0.0,2778.9
471,2.8,"[52.1181, 4.376398]",94,True,61,5.66,604,109,0.0,2784.7
472,2.8,"[52.118064, 4.376456]",106,True,59,5.56,605,109,0.0,2790.2
473,2.8,"[52.118026, 4.376514]",99,True,61,5.66,606,109,0.0,2796.3
474,2.8,"[52.11799, 4.376572]",102,True,58,5.66,607,109,-0.9,2801.8
475,2.8,"[52.117953, 4.376626]",107,True,62,5.74,608,109,-0.9,2807.6
476,2.6,"[52.117918, 4.376678]",113,True,59,5.68,609,109,-0.9,2813.1
477,2.6,"[52.117885, 4.376732]",117,True,59,5.56,610,110,-1.0,2818.0
478,2.6,"[52.117854, 4.376792]",0,True,0,5.36,611,110,1.1,2823.1
479,2.6,"[52.117832, 4.376831]",0,True,0,5.14,612,110,2.1,2827.5
480,2.8,"[52.117802, 4.376881]",0,True,0,4.8,613,110,2.1,2831.6
481,3.0,"[52.11777, 4.376944]",0,True,0,4.82,614,110,2.2,2837.2
482,3.0,"[52.11774, 4.376992]",0,True,0,4.76,615,110,0.0,2841.8
483,3.0,"[52.117707, 4.377028]",0,True,0,4.6,616,110,-3.5,2846.1
484,2.8,"[52.11767, 4.377031]",0,True,0,4.6,617,110,-4.8,2850.5
485,2.4,"[52.117636, 4.377009]",0,True,0,4.56,618,109,-6.8,2854.4
486,2.2,"[52.117606, 4.376966]",0,True,0,4.24,619,109,-7.7,2858.4
487,1.8,"[52.117575, 4.376915]",0,True,0,4.38,620,109,-6.3,2863.7
488,1.4,"[52.117544, 4.376866]",237,True,54,4.54,621,109,-7.2,2868.8
489,1.2,"[52.117511, 4.37682]",233,True,57,4.58,622,109,-5.0,2873.4
490,0.8,"[52.117474, 4.376772]",118,True,59,4.7,623,110,-1.0,2877.9
491,0.8,"[52.117435, 4.376721]",126,True,58,5.1,624,110,0.9,2883.9
492,1.2,"[52.117395, 4.376671]",134,True,59,5.14,625,110,4.4,2889.4
493,1.4,"[52.117352, 4.376623]",137,True,60,5.28,626,111,5.3,2895.2
494,1.8,"[52.117309, 4.376578]",148,True,63,5.46,627,111,4.2,2900.7
495,2.0,"[52.117261, 4.376534]",148,True,61,5.76,628,111,4.1,2906.7
496,2.2,"[52.117212, 4.37649]",122,True,64,5.86,629,111,2.4,2913.2
497,2.4,"[52.117165, 4.376446]",144,True,65,5.98,630,111,1.6,2919.3
498,2.4,"[52.117119, 4.376399]",117,True,65,6.04,631,111,0.0,2925.4
499,2.4,"[52.117071, 4.376354]",99,True,65,6.2,632,111,-0.8,2931.7
500,2.2,"[52.117026, 4.376308]",83,True,66,6.22,633,111,-0.8,2937.8
501,2.2,"[52.116981, 4.376262]",80,True,65,6.06,634,112,-0.9,2943.5
502,2.2,"[52.116937, 4.376215]",89,True,66,6.0,635,111,0.0,2949.3
503,2.2,"[52.116894, 4.376163]",91,True,63,5.9,636,111,-0.9,2954.9
504,2.2,"[52.116853, 4.376108]",94,True,63,5.82,637,111,-0.9,2960.8
505,2.0,"[52.116812, 4.376052]",93,True,63,5.76,638,112,-0.8,2966.6
506,2.0,"[52.116771, 4.375993]",94,True,63,5.78,639,113,-0.8,2972.4
507,2.0,"[52.116729, 4.375935]",105,True,63,5.9,640,114,-0.8,2978.8
508,2.0,"[52.116692, 4.375879]",105,True,63,5.98,641,114,-0.9,2984.8
509,1.8,"[52.116657, 4.375824]",102,True,63,5.88,642,114,-0.9,2990.2
510,1.8,"[52.116619, 4.375767]",84,True,62,5.84,643,114,0.0,2995.8
511,1.8,"[52.11658, 4.375717]",102,True,61,5.78,644,115,1.8,3001.3
512,2.0,"[52.116541, 4.375664]",100,True,64,5.64,645,114,3.5,3007.0
513,2.2,"[52.116501, 4.375605]",105,True,64,5.6,646,115,4.2,3012.8
514,2.6,"[52.116462, 4.375544]",100,True,63,5.74,647,115,3.3,3018.9
515,2.8,"[52.116422, 4.375481]",115,True,67,5.88,648,115,2.4,3025.2
516,2.8,"[52.116382, 4.375418]",107,True,63,6.02,649,115,1.6,3031.4
517,2.8,"[52.11634, 4.375356]",87,True,67,6.18,650,115,0.8,3037.9
518,3.0,"[52.116298, 4.375296]",86,True,68,6.18,651,115,0.8,3043.7
519,3.0,"[52.116257, 4.375232]",85,True,66,6.3,652,115,0.8,3050.4
520,3.0,"[52.116217, 4.375169]",91,True,67,6.32,653,115,0.0,3056.8
521,3.0,"[52.116175, 4.375108]",94,True,67,6.26,654,115,0.0,3062.7
522,3.0,"[52.116134, 4.375043]",76,True,67,6.26,655,115,-0.8,3069.2
523,3.0,"[52.116093, 4.374982]",85,True,67,6.34,656,115,-0.8,3075.4
524,2.8,"[52.116051, 4.374925]",78,True,67,6.2,657,115,-1.6,3081.4
525,2.8,"[52.116012, 4.374863]",69,True,65,6.1,658,114,-1.6,3087.3
526,2.6,"[52.115971, 4.374798]",75,True,67,6.2,659,114,-0.8,3093.7
527,2.6,"[52.115932, 4.374735]",80,True,64,6.18,660,114,0.0,3100.1
528,2.6,"[52.115894, 4.374674]",76,True,66,6.12,661,114,0.8,3106.0
529,2.8,"[52.115856, 4.374611]",64,True,65,6.14,662,114,0.8,3112.1
530,2.8,"[52.115817, 4.374544]",61,True,66,6.18,663,114,0.0,3118.2
531,2.8,"[52.115779, 4.374476]",80,True,66,6.28,664,114,-1.6,3125.1
532,2.6,"[52.115742, 4.374413]",78,True,67,6.2,665,114,-2.4,3131.1
533,2.4,"[52.115707, 4.374349]",75,True,67,6.1,666,114,-2.6,3136.5
534,2.2,"[52.115667, 4.374284]",71,True,67,6.12,667,114,-1.7,3142.7
535,2.2,"[52.115628, 4.374221]",76,True,67,6.06,668,114,-1.6,3148.5
536,2.2,"[52.11559, 4.374154]",80,True,68,5.96,669,114,-0.8,3154.9
537,2.0,"[52.11555, 4.374089]",101,True,67,6.12,670,114,0.0,3161.7
538,2.0,"[52.115512, 4.374024]",110,True,66,6.28,671,113,0.0,3167.9
539,2.2,"[52.115475, 4.373961]",101,True,66,6.2,672,114,0.8,3173.7
540,2.2,"[52.115438, 4.373895]",108,True,66,6.24,673,114,0.8,3179.7
541,2.2,"[52.115401, 4.373825]",86,True,65,6.14,674,113,0.8,3185.6
542,2.2,"[52.115366, 4.373751]",106,True,67,6.12,675,114,0.8,3192.3
543,2.4,"[52.115331, 4.373675]",117,True,67,6.2,676,114,0.0,3198.9
544,2.4,"[52.115294, 4.373599]",116,True,66,6.38,677,114,-0.8,3205.6
545,2.2,"[52.115255, 4.373531]",129,True,71,6.52,678,114,-1.5,3212.3
546,2.0,"[52.115213, 4.373469]",137,True,66,6.66,679,114,-0.8,3218.9
547,2.0,"[52.115168, 4.373416]",137,True,71,6.58,680,114,0.8,3225.2
548,2.2,"[52.115125, 4.373364]",128,True,72,6.28,681,114,1.6,3230.3
549,2.4,"[52.115077, 4.373303]",126,True,72,6.3,682,113,1.6,3237.1
550,2.4,"[52.115031, 4.373237]",111,True,74,6.28,683,114,0.7,3243.7
551,2.4,"[52.114983, 4.37317]",98,True,71,6.4,684,114,-0.7,3250.9
552,2.4,"[52.11494, 4.373102]",92,True,76,6.38,685,114,-1.5,3257.1
553,2.2,"[52.114896, 4.373035]",97,True,72,6.7,686,114,-1.5,3263.8
554,2.0,"[52.114855, 4.372963]",87,True,72,6.72,687,114,-1.5,3270.7
555,2.0,"[52.114813, 4.372889]",84,True,72,6.74,688,114,-0.8,3277.4
556,2.0,"[52.114772, 4.372822]",86,True,69,6.54,689,114,0.0,3283.6
557,2.0,"[52.11473, 4.37276]",92,True,72,6.6,690,114,0.8,3290.1
558,2.0,"[52.114691, 4.372696]",115,True,71,6.62,691,114,0.8,3296.9
559,2.2,"[52.114649, 4.372629]",114,True,70,6.56,692,115,1.5,3303.5
560,2.2,"[52.114608, 4.372564]",106,True,70,6.54,693,114,2.3,3310.1
561,2.4,"[52.114566, 4.372498]",104,True,70,6.6,694,114,1.5,3316.6
562,2.6,"[52.114521, 4.372432]",98,True,69,6.68,695,114,2.2,3323.5
563,2.6,"[52.114477, 4.372364]",106,True,71,6.7,696,114,1.5,3330.4
564,2.8,"[52.114436, 4.372298]",149,True,71,6.68,697,114,0.0,3336.9
565,2.8,"[52.114394, 4.372234]",144,True,71,6.6,698,114,0.0,3343.1
566,2.6,"[52.114351, 4.37217]",132,True,70,6.62,699,113,-0.8,3349.7
567,2.6,"[52.114308, 4.372105]",124,True,71,6.52,700,114,-0.8,3356.1
568,2.6,"[52.114266, 4.372039]",113,True,72,6.44,701,114,0.0,3362.6
569,2.6,"[52.114222, 4.371972]",108,True,70,6.5,702,114,0.0,3369.4
570,2.6,"[52.114181, 4.371905]",112,True,72,6.56,703,114,-0.8,3375.9
571,2.6,"[52.114139, 4.371841]",121,True,71,6.52,704,114,-1.6,3382.3
572,2.4,"[52.114098, 4.371776]",115,True,69,6.56,705,115,-2.4,3388.9
573,2.2,"[52.114058, 4.371714]",114,True,70,6.46,706,114,-2.4,3394.9
574,2.0,"[52.114018, 4.37165]",122,True,67,6.32,707,114,-2.4,3401.0
575,2.0,"[52.113978, 4.371585]",116,True,69,6.28,708,115,-1.6,3407.3
576,1.8,"[52.113936, 4.37152]",128,True,73,6.26,709,115,0.0,3413.6
577,1.8,"[52.113895, 4.371453]",113,True,68,6.3,710,115,0.0,3420.4
578,2.0,"[52.113855, 4.371388]",105,True,70,6.34,711,115,0.8,3426.6
579,2.0,"[52.113814, 4.371323]",114,True,70,6.38,712,115,0.8,3432.9
580,2.0,"[52.113774, 4.371255]",118,True,70,6.42,713,114,0.8,3439.4
581,2.0,"[52.113733, 4.371186]",120,True,68,6.48,714,115,0.8,3446.0
582,2.2,"[52.113691, 4.371117]",113,True,71,6.44,715,115,0.0,3452.6
583,2.2,"[52.11365, 4.37105]",112,True,72,6.54,716,115,0.0,3459.3
584,2.0,"[52.113608, 4.370983]",116,True,71,6.54,717,115,-1.5,3465.6
585,2.0,"[52.113566, 4.370913]",111,True,73,6.52,718,115,-1.5,3472.0
586,1.8,"[52.113522, 4.37084]",102,True,73,6.66,719,115,-0.7,3479.3
587,1.8,"[52.113478, 4.370772]",90,True,71,6.66,720,116,-0.7,3485.9
588,1.8,"[52.113434, 4.370702]",94,True,72,6.7,721,116,-0.7,3492.8
589,1.8,"[52.113391, 4.370635]",114,True,71,6.8,722,116,-0.7,3499.6
590,1.6,"[52.113347, 4.370567]",119,True,77,6.84,723,115,-0.8,3506.2
591,1.6,"[52.113303, 4.370502]",109,True,72,6.7,724,115,-1.5,3512.8
592,1.6,"[52.11326, 4.370434]",103,True,70,6.68,725,114,-0.7,3519.3
593,1.4,"[52.113215, 4.370365]",99,True,75,6.64,726,114,-0.7,3526.0
594,1.4,"[52.113168, 4.370298]",97,True,72,6.72,727,114,-1.4,3533.2
595,1.4,"[52.113122, 4.37023]",91,True,72,6.76,728,114,-0.7,3540.0
596,1.2,"[52.113076, 4.370164]",88,True,73,6.84,729,114,-1.5,3547.0
597,1.2,"[52.113032, 4.370096]",98,True,73,6.94,730,114,-1.5,3554.0
598,1.0,"[52.11299, 4.370029]",87,True,72,6.94,731,114,-0.8,3560.7
599,1.0,"[52.11295, 4.369965]",104,True,72,6.72,732,113,-0.8,3566.8
600,1.0,"[52.112907, 4.369895]",109,True,71,6.7,733,113,0.0,3573.5
601,1.0,"[52.112864, 4.369832]",112,True,69,6.58,734,113,0.0,3579.9
602,1.0,"[52.112821, 4.369768]",102,True,75,6.52,735,113,-0.8,3586.6
603,1.0,"[52.112779, 4.369704]",105,True,67,6.38,736,114,-0.8,3592.6
604,0.8,"[52.112736, 4.369638]",105,True,70,6.46,737,113,-0.8,3599.1
605,0.8,"[52.112692, 4.369571]",92,True,68,6.42,738,113,0.0,3605.6
606,0.8,"[52.11265, 4.369507]",68,True,70,6.46,739,114,1.5,3612.2
607,1.0,"[52.112608, 4.369439]",77,True,69,6.4,740,113,2.3,3618.6
608,1.2,"[52.112568, 4.369367]",119,True,67,6.62,741,113,3.0,3625.7
609,1.4,"[52.112525, 4.369302]",122,True,74,6.62,742,114,1.4,3632.2
610,1.6,"[52.112478, 4.369236]",117,True,74,6.7,743,113,0.7,3639.1
611,1.4,"[52.112431, 4.369168]",112,True,73,6.82,744,114,-1.4,3646.3
612,1.4,"[52.112387, 4.369096]",102,True,73,6.9,745,114,-2.1,3653.1
613,1.0,"[52.112342, 4.369025]",87,True,75,6.9,746,114,-1.4,3660.2
614,1.0,"[52.112298, 4.368955]",111,True,75,6.98,747,114,-1.4,3667.1
615,1.0,"[52.112253, 4.368886]",108,True,73,6.98,748,114,0.0,3674.0
616,1.0,"[52.112206, 4.368824]",101,True,72,6.94,749,114,0.0,3681.0
617,1.0,"[52.112162, 4.368754]",105,True,75,6.9,750,114,0.0,3687.6
618,1.0,"[52.112118, 4.368684]",101,True,75,6.86,751,113,-0.7,3694.5
619,1.0,"[52.112073, 4.368614]",93,True,75,6.86,752,114,-1.5,3701.4
620,0.8,"[52.112029, 4.368546]",90,True,74,6.82,753,114,-1.5,3708.1
621,0.6,"[52.111983, 4.368476]",105,True,73,6.82,754,113,-1.5,3715.1
622,0.6,"[52.111941, 4.368407]",107,True,79,6.86,755,114,-0.7,3721.9
623,0.6,"[52.111897, 4.368337]",122,True,69,6.82,756,114,0.0,3728.6
624,0.6,"[52.111852, 4.368268]",116,True,75,6.84,757,114,0.0,3735.6
625,0.6,"[52.111808, 4.368199]",104,True,75,6.9,758,115,0.7,3742.6
626,0.6,"[52.111766, 4.368133]",99,True,76,6.8,759,115,0.7,3749.1
627,0.8,"[52.111722, 4.368064]",103,True,72,6.78,760,116,0.7,3755.8
628,0.8,"[52.111678, 4.367995]",110,True,75,6.78,761,116,0.7,3762.5
629,0.8,"[52.111634, 4.367925]",106,True,72,6.74,762,116,0.0,3769.3
630,0.8,"[52.111591, 4.367853]",108,True,75,6.7,763,116,-0.7,3776.1
631,0.8,"[52.111548, 4.36778]",104,True,75,6.74,764,117,-0.7,3782.8
632,0.6,"[52.111504, 4.36771]",101,True,73,6.76,765,117,-0.7,3789.6
633,0.6,"[52.111458, 4.367641]",94,True,72,6.8,766,116,0.0,3796.5
634,0.6,"[52.111414, 4.367569]",90,True,69,6.86,767,116,0.0,3803.6
635,0.8,"[52.111372, 4.367502]",140,True,70,6.82,768,116,0.7,3810.2
636,0.6,"[52.111327, 4.367434]",130,True,73,6.86,769,116,1.5,3817.1
637,0.8,"[52.111284, 4.367366]",108,True,72,6.78,770,117,0.0,3823.5
638,1.0,"[52.111241, 4.367301]",113,True,73,6.78,771,116,0.0,3830.4
639,0.8,"[52.111197, 4.367231]",110,True,73,6.7,772,116,-0.7,3837.1
640,0.6,"[52.111152, 4.367162]",108,True,71,6.74,773,117,-1.5,3843.9
641,0.6,"[52.111108, 4.367095]",96,True,72,6.68,774,116,-0.7,3850.5
642,0.6,"[52.111062, 4.367029]",98,True,72,6.82,775,116,0.0,3857.6
643,0.6,"[52.111019, 4.366964]",103,True,73,6.78,776,117,0.7,3864.3
644,0.6,"[52.110977, 4.366899]",114,True,71,6.7,777,116,0.8,3870.6
645,0.8,"[52.110934, 4.366832]",121,True,71,6.66,778,116,0.8,3877.2
646,0.8,"[52.110889, 4.366765]",118,True,72,6.66,779,117,0.7,3883.8
647,0.8,"[52.110845, 4.366696]",105,True,69,6.58,780,117,0.0,3890.5
648,0.8,"[52.110801, 4.366626]",113,True,73,6.7,781,117,-0.7,3897.8
649,0.8,"[52.110758, 4.366558]",115,True,71,6.78,782,117,0.0,3904.5
650,0.6,"[52.110719, 4.36649]",113,True,72,6.68,783,116,0.0,3910.6
651,0.8,"[52.110676, 4.366421]",109,True,70,6.66,784,117,0.0,3917.1
652,0.8,"[52.110632, 4.366352]",114,True,72,6.74,785,117,0.7,3924.2
653,0.8,"[52.110589, 4.366284]",130,True,73,6.62,786,117,0.7,3930.9
654,0.8,"[52.110547, 4.366219]",122,True,69,6.6,787,116,0.0,3937.5
655,1.0,"[52.110504, 4.366156]",116,True,72,6.66,788,117,0.0,3943.9
656,0.8,"[52.110459, 4.366093]",124,True,72,6.7,789,117,0.0,3950.6
657,0.8,"[52.110416, 4.366028]",127,True,72,6.54,790,117,-0.8,3956.9
658,0.8,"[52.110372, 4.36596]",112,True,72,6.54,791,117,0.0,3963.6
659,0.8,"[52.110327, 4.365893]",96,True,73,6.6,792,117,0.0,3970.5
660,0.8,"[52.110282, 4.365826]",89,True,71,6.68,793,117,0.0,3977.3
661,0.8,"[52.110238, 4.365758]",76,True,71,6.7,794,117,0.7,3984.1
662,0.8,"[52.110193, 4.365691]",90,True,73,6.82,795,117,0.7,3991.0
663,1.0,"[52.11015, 4.365624]",104,True,71,6.78,796,117,0.0,3997.5
664,1.0,"[52.110105, 4.365554]",128,True,73,6.78,797,117,0.0,4004.4
665,0.8,"[52.110064, 4.365485]",135,True,73,6.78,798,117,-0.7,4011.2
666,0.8,"[52.110021, 4.365414]",127,True,84,6.74,799,117,-0.7,4017.8
667,0.8,"[52.10998, 4.365344]",117,True,72,6.72,800,117,0.0,4024.6
668,0.8,"[52.109934, 4.365277]",129,True,77,6.78,801,117,0.0,4031.4
669,0.8,"[52.109886, 4.36521]",129,True,69,6.72,802,117,0.0,4038.0
670,0.8,"[52.109841, 4.365139]",138,True,71,6.8,803,118,0.0,4045.2
671,0.8,"[52.109794, 4.365068]",148,True,76,6.88,804,118,0.0,4052.2
672,0.8,"[52.109748, 4.364999]",129,True,72,6.92,805,118,0.7,4059.2
673,0.8,"[52.109705, 4.364931]",124,True,75,6.9,806,118,0.7,4065.9
674,1.0,"[52.10966, 4.364863]",108,True,73,6.94,807,118,0.7,4072.7
675,1.0,"[52.109615, 4.364794]",104,True,74,6.88,808,118,0.0,4079.6
676,1.0,"[52.10957, 4.364726]",98,True,71,6.82,809,118,-0.7,4086.3
677,0.8,"[52.109528, 4.364657]",124,True,75,6.8,810,118,-1.5,4093.2
678,0.8,"[52.109484, 4.364589]",116,True,78,6.78,811,117,-1.4,4099.8
679,0.6,"[52.109438, 4.364519]",107,True,73,6.84,812,118,-0.7,4106.9
680,0.6,"[52.109392, 4.364452]",112,True,73,6.86,813,118,-0.7,4113.9
681,0.6,"[52.109349, 4.364382]",103,True,73,6.88,814,118,-0.7,4120.7
682,0.6,"[52.109307, 4.364315]",100,True,75,6.82,815,118,0.0,4127.3
683,0.4,"[52.109263, 4.364244]",107,True,73,6.86,816,118,0.0,4134.1
684,0.6,"[52.109218, 4.364173]",103,True,73,6.82,817,118,-0.7,4141.0
685,0.6,"[52.109174, 4.364101]",98,True,74,6.82,818,118,0.0,4148.0
686,0.4,"[52.109129, 4.364032]",99,True,75,6.84,819,118,-0.7,4154.9
687,0.4,"[52.109082, 4.363963]",98,True,75,6.96,820,118,-0.7,4162.1
688,0.4,"[52.109036, 4.363894]",106,True,74,6.94,821,118,0.0,4168.8
689,0.4,"[52.10899, 4.363824]",110,True,73,6.94,822,117,0.0,4175.7
690,0.4,"[52.108944, 4.363753]",110,True,74,7.0,823,118,-0.7,4183.0
691,0.4,"[52.108898, 4.363685]",93,True,73,7.04,824,117,-0.7,4190.1
692,0.2,"[52.108857, 4.363621]",92,True,71,6.9,825,117,-0.8,4196.6
693,0.2,"[52.108814, 4.363554]",94,True,72,6.84,826,117,-0.8,4203.0
694,0.2,"[52.108769, 4.363489]",95,True,72,6.76,827,117,0.0,4209.5
695,0.2,"[52.108725, 4.363423]",95,True,70,6.6,828,117,1.5,4216.0
696,0.2,"[52.108681, 4.363358]",100,True,73,6.5,829,118,1.5,4222.6
697,0.6,"[52.108637, 4.363291]",123,True,70,6.62,830,117,1.5,4229.7
698,0.6,"[52.108594, 4.363223]",130,True,73,6.68,831,117,1.5,4236.4
699,0.6,"[52.108549, 4.363157]",133,True,70,6.72,832,117,0.0,4243.1
700,0.6,"[52.108503, 4.363092]",129,True,72,6.78,833,117,-0.8,4249.9
701,0.6,"[52.10846, 4.363027]",116,True,70,6.8,834,117,-0.8,4256.6
702,0.4,"[52.108419, 4.362962]",102,True,71,6.66,835,118,0.0,4263.0
703,0.4,"[52.108377, 4.362897]",109,True,72,6.56,836,118,0.8,4269.2
704,0.6,"[52.108335, 4.362827]",103,True,71,6.56,837,117,1.5,4275.9
705,0.8,"[52.108294, 4.362759]",96,True,72,6.5,838,117,1.5,4282.4
706,0.8,"[52.108253, 4.362691]",105,True,70,6.52,839,117,0.8,4289.2
707,0.8,"[52.108212, 4.362627]",119,True,69,6.48,840,117,0.0,4295.4
708,0.8,"[52.108171, 4.362564]",110,True,68,6.5,841,117,0.8,4301.7
709,0.8,"[52.108129, 4.362501]",113,True,69,6.42,842,118,1.6,4308.0
710,1.0,"[52.108089, 4.362436]",109,True,69,6.44,843,117,1.6,4314.6
711,1.2,"[52.108048, 4.362372]",106,True,69,6.32,844,117,2.4,4320.8
712,1.2,"[52.108007, 4.362307]",102,True,71,6.32,845,117,1.6,4327.0
713,1.4,"[52.107965, 4.36224]",117,True,68,6.36,846,118,0.0,4333.5
714,1.4,"[52.107921, 4.362174]",128,True,70,6.46,847,118,0.0,4340.3
715,1.2,"[52.107878, 4.362107]",151,True,71,6.46,848,118,-1.5,4346.9
716,1.2,"[52.107837, 4.362039]",113,True,71,6.52,849,118,-1.5,4353.4
717,1.0,"[52.107797, 4.36197]",113,True,71,6.58,850,119,-1.5,4359.9
718,1.0,"[52.107758, 4.361898]",105,True,68,6.56,851,119,-1.5,4366.3
719,0.8,"[52.107718, 4.361824]",112,True,70,6.6,852,118,-0.8,4373.3
720,0.8,"[52.107679, 4.361755]",110,True,71,6.6,853,119,-0.8,4379.9
721,0.8,"[52.10764, 4.361688]",117,True,72,6.56,854,119,0.0,4386.2
722,0.8,"[52.1076, 4.361621]",112,True,70,6.48,855,118,0.0,4392.3
723,0.8,"[52.107559, 4.361554]",110,True,71,6.52,856,119,0.0,4398.9
724,0.8,"[52.107519, 4.361486]",102,True,69,6.4,857,119,0.0,4405.3
725,0.8,"[52.10748, 4.361417]",102,True,68,6.34,858,119,-0.8,4411.6
726,0.8,"[52.10744, 4.361346]",126,True,70,6.42,859,118,-0.8,4418.3
727,0.6,"[52.107402, 4.361277]",128,True,68,6.46,860,119,0.0,4424.6
728,0.6,"[52.107363, 4.361205]",125,True,70,6.46,861,119,0.0,4431.2
729,0.8,"[52.107324, 4.361136]",133,True,70,6.48,862,118,1.5,4437.7
730,0.8,"[52.107285, 4.361067]",126,True,71,6.5,863,118,1.6,4444.1
731,1.0,"[52.107246, 4.360995]",126,True,71,6.46,864,118,0.8,4450.6
732,1.0,"[52.107208, 4.360924]",117,True,71,6.46,865,118,0.8,4456.9
733,1.0,"[52.107169, 4.360852]",97,True,70,6.52,866,118,-0.8,4463.8
734,1.0,"[52.107132, 4.36078]",94,True,70,6.48,867,118,-0.8,4470.1
735,0.8,"[52.107095, 4.360707]",98,True,70,6.52,868,117,-0.8,4476.7
736,0.8,"[52.107061, 4.360634]",115,True,71,6.44,869,117,-0.8,4482.8
737,0.8,"[52.107025, 4.360557]",122,True,70,6.46,870,117,0.0,4489.2
738,0.8,"[52.106989, 4.360477]",117,True,70,6.44,871,118,0.0,4496.0
739,0.8,"[52.106953, 4.360397]",104,True,71,6.56,872,117,0.0,4502.9
740,0.8,"[52.106917, 4.360317]",98,True,73,6.6,873,117,0.0,4509.7
741,0.8,"[52.106882, 4.360238]",100,True,72,6.74,874,118,0.0,4516.5
742,0.8,"[52.106846, 4.360159]",105,True,71,6.8,875,117,-0.7,4523.2
743,0.8,"[52.106812, 4.36008]",113,True,72,6.78,876,117,-0.8,4529.9
744,0.6,"[52.106777, 4.360001]",110,True,71,6.72,877,118,-0.8,4536.5
745,0.6,"[52.106743, 4.359925]",98,True,71,6.66,878,117,0.0,4543.0
746,0.6,"[52.106706, 4.359848]",114,True,71,6.62,879,117,0.8,4549.6
747,0.8,"[52.10667, 4.359773]",124,True,72,6.58,880,118,1.5,4556.1
748,0.8,"[52.106632, 4.359697]",118,True,71,6.58,881,118,0.7,4562.8
749,1.0,"[52.106595, 4.35962]",103,True,72,6.6,882,118,-0.7,4569.5
750,0.8,"[52.106556, 4.359545]",103,True,72,6.66,883,118,-1.5,4576.3
751,0.6,"[52.106517, 4.35947]",102,True,72,6.64,884,118,-2.3,4582.8
752,0.4,"[52.106479, 4.359395]",104,True,72,6.7,885,118,-1.5,4589.6
753,0.4,"[52.10644, 4.359321]",105,True,72,6.66,886,117,-0.8,4596.1
754,0.4,"[52.1064, 4.35925]",102,True,72,6.68,887,117,0.8,4602.9
755,0.4,"[52.106358, 4.35918]",98,True,71,6.6,888,117,1.5,4609.3
756,0.6,"[52.106315, 4.359108]",102,True,73,6.66,889,117,1.5,4616.1
757,0.8,"[52.106271, 4.359039]",113,True,70,6.68,890,117,2.2,4623.0
758,0.8,"[52.106228, 4.358971]",85,True,72,6.76,891,117,0.7,4629.9
759,1.0,"[52.106189, 4.358903]",82,True,72,6.72,892,117,0.0,4636.5
760,0.8,"[52.106157, 4.358825]",85,True,71,6.7,893,117,-0.8,4642.8
761,0.8,"[52.106134, 4.358741]",77,True,71,6.56,894,117,-2.3,4648.9
762,0.6,"[52.106113, 4.358653]",73,True,71,6.42,895,117,-1.6,4655.1
763,0.4,"[52.106075, 4.35857]",79,True,71,6.44,896,117,-2.3,4662.1
764,0.4,"[52.106027, 4.35851]",68,True,73,6.42,897,117,-2.3,4668.6
765,0.2,"[52.105978, 4.358465]",79,True,68,6.34,898,117,-1.6,4674.5
766,0.0,"[52.105927, 4.358417]",96,True,65,6.38,899,117,-0.8,4680.8
767,0.0,"[52.105882, 4.358359]",148,True,65,6.44,900,116,0.8,4687.3
768,0.2,"[52.105839, 4.358295]",49,True,0,6.28,901,116,1.7,4693.5
769,0.4,"[52.105797, 4.358231]",0,True,0,6.16,902,116,2.7,4699.4
770,0.4,"[52.105759, 4.358177]",0,True,0,6.1,903,115,2.9,4705.0
771,0.6,"[52.105733, 4.358123]",0,True,0,5.78,904,114,3.1,4709.7
772,0.8,"[52.105705, 4.358071]",0,True,0,5.42,905,113,4.3,4714.4
773,1.0,"[52.105677, 4.358024]",0,True,0,5.1,906,113,5.6,4719.0
774,1.2,"[52.105648, 4.357975]",0,True,0,4.8,907,112,5.8,4723.4
775,1.6,"[52.105624, 4.357936]",0,True,0,4.5,908,112,5.3,4727.5
776,1.8,"[52.105601, 4.357895]",0,True,0,4.38,909,112,6.3,4731.6
777,1.8,"[52.105593, 4.35787]",0,True,0,3.94,910,111,4.4,4734.1
778,2.0,"[52.105585, 4.357854]",0,True,0,3.4,911,111,6.6,4736.0
779,2.0,"[52.105584, 4.357847]",0,True,0,2.64,912,109,6.6,4736.6
780,2.0,"[52.105585, 4.357847]",0,False,0,1.82,913,108,5.7,4736.6
781,2.2,"[52.105585, 4.357847]",0,False,0,1.0,914,108,5.1,4736.6
782,2.2,"[52.105585, 4.357847]",0,False,0,0.5,915,107,5.7,4736.6
783,2.2,"[52.105585, 4.357847]",0,False,0,0.12,916,106,3.5,4736.6
784,2.2,"[52.105585, 4.357847]",0,False,0,0.0,917,106,1.5,4736.6
785,2.2,"[52.105585, 4.357848]",0,False,0,0.0,918,106,1.6,4736.6
786,2.2,"[52.105573, 4.357839]",0,True,0,0.3,919,106,0.0,4738.1
787,2.2,"[52.105562, 4.357821]",0,True,0,0.58,920,106,0.0,4739.5
788,2.4,"[52.105548, 4.357787]",0,True,0,1.12,921,106,0.0,4742.2
789,2.2,"[52.105528, 4.357751]",0,True,0,1.8,922,105,0.0,4745.6
790,2.2,"[52.105506, 4.357714]",49,True,37,2.52,923,106,-1.3,4749.2
791,2.2,"[52.10548, 4.357678]",196,True,37,2.98,924,107,-1.2,4753.0
792,2.2,"[52.105454, 4.357626]",196,True,37,3.68,925,107,-1.1,4757.9
793,2.0,"[52.105425, 4.357576]",113,True,33,4.08,926,108,-2.0,4762.6
794,2.0,"[52.10539, 4.357527]",161,True,59,4.36,927,109,-1.9,4767.4
795,1.8,"[52.10535, 4.357479]",215,True,59,4.72,928,109,-0.9,4772.8
796,1.8,"[52.105304, 4.357436]",269,True,63,5.16,929,109,-1.7,4778.8
797,1.8,"[52.105258, 4.357398]",231,True,62,5.34,930,110,-0.9,4784.6
798,1.6,"[52.105211, 4.357358]",205,True,65,5.54,931,111,-1.7,4790.3
799,1.6,"[52.105166, 4.357312]",187,True,65,5.78,932,112,-1.7,4796.3
800,1.4,"[52.105125, 4.357256]",154,True,65,5.92,933,113,-0.8,4802.4
801,1.4,"[52.105086, 4.357197]",142,True,66,5.88,934,115,-0.8,4808.2
802,1.4,"[52.105046, 4.357134]",149,True,66,5.94,935,116,0.0,4814.3
803,1.4,"[52.105004, 4.35707]",143,True,67,6.12,936,117,0.8,4820.9
804,1.4,"[52.104965, 4.357004]",131,True,67,6.16,937,118,0.8,4827.1
805,1.6,"[52.104924, 4.356938]",129,True,71,6.24,938,118,0.8,4833.6
806,1.6,"[52.104884, 4.356873]",130,True,69,6.3,939,119,0.0,4839.7
807,1.6,"[52.104841, 4.356808]",131,True,67,6.38,940,119,-0.8,4846.2
808,1.4,"[52.104797, 4.356744]",129,True,72,6.42,941,119,-1.5,4853.0
809,1.4,"[52.104753, 4.356683]",133,True,70,6.46,942,119,-1.5,4859.4
810,1.2,"[52.10471, 4.35662]",141,True,70,6.48,943,120,-1.5,4866.0
811,1.2,"[52.104668, 4.356554]",155,True,70,6.54,944,120,-1.5,4872.4
812,1.0,"[52.104626, 4.356486]",155,True,71,6.54,945,120,-0.8,4878.9
813,1.0,"[52.104582, 4.356417]",140,True,72,6.54,946,119,-0.8,4885.7
814,1.0,"[52.104537, 4.356352]",131,True,72,6.6,947,119,0.7,4892.4
815,1.0,"[52.104492, 4.356288]",122,True,71,6.6,948,118,0.7,4899.0
816,1.2,"[52.104447, 4.356222]",116,True,72,6.68,949,119,2.2,4905.8
817,1.2,"[52.104403, 4.356156]",115,True,72,6.72,950,119,2.2,4912.5
818,1.6,"[52.104357, 4.356089]",118,True,73,6.72,951,119,1.5,4919.3
819,1.6,"[52.104312, 4.35602]",128,True,72,6.78,952,119,2.2,4926.3
820,1.6,"[52.104269, 4.355952]",120,True,74,6.8,953,119,1.5,4933.0
821,1.8,"[52.104227, 4.355883]",110,True,75,6.74,954,119,0.7,4939.5
822,2.0,"[52.104181, 4.355813]",101,True,73,6.78,955,119,0.7,4946.4
823,1.8,"[52.104137, 4.355742]",96,True,74,6.82,956,119,0.0,4953.4
824,1.8,"[52.104093, 4.35567]",92,True,73,6.82,957,119,-0.7,4960.4
825,1.8,"[52.104051, 4.355599]",92,True,74,6.86,958,119,-1.5,4967.3
826,1.8,"[52.10401, 4.355527]",94,True,73,6.88,959,120,-2.2,4973.9
827,1.4,"[52.103969, 4.355455]",102,True,75,6.86,960,119,-3.0,4980.7
828,1.2,"[52.103927, 4.355382]",100,True,72,6.8,961,119,-3.7,4987.4
829,1.0,"[52.103884, 4.355309]",93,True,73,6.8,962,119,-3.0,4994.4
830,0.8,"[52.103841, 4.355239]",102,True,74,6.74,963,120,-2.9,5001.0
831,0.6,"[52.103797, 4.355167]",111,True,73,6.78,964,119,-2.1,5007.8
832,0.4,"[52.103751, 4.355091]",109,True,75,6.88,965,119,-0.7,5015.1
833,0.4,"[52.103703, 4.355019]",115,True,77,7.0,966,119,0.7,5022.4
834,0.6,"[52.103655, 4.354949]",108,True,76,7.04,967,119,2.2,5029.6
835,0.8,"[52.103607, 4.354883]",107,True,72,7.1,968,120,2.9,5036.5
836,1.0,"[52.103561, 4.354819]",111,True,76,7.04,969,119,2.2,5043.0
837,1.2,"[52.103511, 4.354751]",86,True,77,6.98,970,119,0.7,5050.0
838,1.2,"[52.103464, 4.354683]",94,True,74,7.02,971,120,0.0,5057.5
839,1.0,"[52.103416, 4.354617]",107,True,77,7.0,972,119,-1.4,5064.6
840,1.0,"[52.10337, 4.354552]",105,True,75,6.96,973,119,-2.1,5071.3
841,0.8,"[52.103322, 4.354482]",98,True,74,7.04,974,119,-0.7,5078.2
842,0.6,"[52.103275, 4.354414]",100,True,76,7.1,975,119,-0.7,5085.5
843,0.8,"[52.103229, 4.354344]",100,True,75,7.02,976,119,0.7,5092.6
844,0.8,"[52.103184, 4.354272]",99,True,74,7.0,977,119,1.4,5099.6
845,1.0,"[52.10314, 4.354195]",101,True,76,7.1,978,119,1.4,5106.8
846,1.0,"[52.103097, 4.354118]",107,True,75,7.2,979,119,0.7,5114.2
847,1.2,"[52.103055, 4.354041]",105,True,77,7.14,980,119,-0.7,5121.2
848,1.0,"[52.103015, 4.353965]",97,True,75,7.1,981,119,-0.7,5128.1
849,0.8,"[52.102975, 4.353892]",95,True,75,6.96,982,119,-1.5,5134.4
850,0.8,"[52.102934, 4.353816]",101,True,75,6.88,983,119,0.0,5141.2
851,0.8,"[52.102894, 4.353737]",98,True,73,6.8,984,119,0.7,5148.2
852,1.0,"[52.102852, 4.353661]",119,True,75,6.72,985,119,1.4,5154.8
853,1.0,"[52.102809, 4.353581]",131,True,74,6.82,986,119,1.4,5162.2
854,1.2,"[52.102768, 4.353503]",129,True,74,7.0,987,119,0.0,5169.4
855,1.2,"[52.102727, 4.353425]",105,True,73,7.02,988,119,0.0,5176.3
856,1.0,"[52.102687, 4.353348]",107,True,75,7.0,989,119,-1.5,5183.2
857,1.0,"[52.102646, 4.353272]",111,True,75,7.06,990,119,-2.2,5190.1
858,0.8,"[52.102605, 4.353197]",106,True,74,6.94,991,119,-2.1,5196.9
859,0.6,"[52.102563, 4.353122]",104,True,72,6.96,992,119,-2.2,5204.2
860,0.4,"[52.102524, 4.353045]",105,True,74,6.98,993,119,-3.0,5211.2
861,0.4,"[52.102486, 4.352971]",104,True,72,6.86,994,119,-2.2,5217.5
862,0.0,"[52.102447, 4.352897]",106,True,72,6.78,995,118,-1.5,5224.0
863,0.0,"[52.102408, 4.352822]",118,True,72,6.84,996,118,-2.3,5231.1
864,0.0,"[52.102371, 4.352751]",133,True,71,6.66,997,118,-0.8,5237.5
865,-0.2,"[52.102334, 4.352681]",134,True,72,6.5,998,118,0.0,5243.7
866,-0.2,"[52.102297, 4.352614]",134,True,70,6.48,999,118,0.8,5249.9
867,0.0,"[52.102258, 4.352542]",132,True,70,6.46,1000,117,1.6,5256.3
868,0.2,"[52.10222, 4.352469]",133,True,71,6.38,1001,118,2.3,5263.0
869,0.2,"[52.102183, 4.352399]",129,True,69,6.32,1002,117,2.3,5269.1
870,0.4,"[52.102146, 4.352324]",128,True,71,6.38,1003,117,0.8,5275.6
871,0.6,"[52.102109, 4.352246]",127,True,72,6.48,1004,117,0.8,5282.3
872,0.4,"[52.102071, 4.35217]",127,True,70,6.5,1005,118,0.0,5288.8
873,0.4,"[52.102033, 4.352093]",119,True,72,6.54,1006,117,-0.8,5295.7
874,0.4,"[52.101995, 4.352019]",125,True,72,6.6,1007,118,0.0,5302.1
875,0.4,"[52.101956, 4.351947]",118,True,72,6.54,1008,118,0.0,5308.3
876,0.4,"[52.101914, 4.35187]",111,True,72,6.56,1009,118,0.0,5315.1
877,0.4,"[52.10187, 4.351795]",111,True,74,6.62,1010,118,0.0,5321.9
878,0.4,"[52.101825, 4.351725]",116,True,72,6.54,1011,118,0.0,5328.4
879,0.4,"[52.101785, 4.351644]",102,True,70,6.5,1012,119,0.0,5334.6
880,0.4,"[52.101751, 4.351574]",105,True,69,6.44,1013,119,0.0,5340.5
881,0.4,"[52.101713, 4.351505]",125,True,72,6.34,1014,119,0.0,5346.8
882,0.4,"[52.101674, 4.351427]",135,True,70,6.3,1015,118,0.0,5353.4
883,0.4,"[52.10163, 4.351345]",123,True,73,6.48,1016,118,0.7,5360.8
884,0.4,"[52.101594, 4.351269]",129,True,72,6.58,1017,118,0.8,5367.5
885,0.6,"[52.10156, 4.351194]",139,True,73,6.7,1018,118,1.6,5374.0
886,0.6,"[52.101524, 4.351122]",142,True,73,6.58,1019,118,1.6,5379.7
887,0.8,"[52.101488, 4.35105]",133,True,72,6.5,1020,119,0.8,5385.9
888,0.8,"[52.101449, 4.350973]",130,True,73,6.44,1021,119,0.7,5393.0
889,0.8,"[52.101411, 4.350899]",126,True,72,6.52,1022,119,0.0,5400.1
890,0.8,"[52.101372, 4.350822]",99,True,72,6.48,1023,119,0.0,5406.4
891,0.8,"[52.101334, 4.350745]",98,True,71,6.72,1024,119,0.0,5413.3
892,0.8,"[52.101301, 4.350675]",101,True,71,6.68,1025,118,0.8,5419.3
893,0.8,"[52.101266, 4.350607]",100,True,70,6.6,1026,119,0.8,5426.0
894,1.0,"[52.101229, 4.350546]",112,True,71,6.4,1027,118,1.6,5432.1
895,1.0,"[52.101198, 4.350474]",119,True,71,6.3,1028,118,0.8,5437.9
896,1.2,"[52.101163, 4.350402]",126,True,68,6.1,1029,118,0.0,5443.8
897,1.0,"[52.101127, 4.350332]",139,True,68,6.2,1030,119,-0.8,5450.3
898,1.0,"[52.101091, 4.350261]",141,True,69,6.16,1031,118,-2.3,5456.8
899,0.8,"[52.101056, 4.350189]",132,True,68,6.38,1032,119,-1.5,5464.0
900,0.6,"[52.101019, 4.350127]",131,True,68,6.34,1033,119,-1.5,5469.6
901,0.6,"[52.100982, 4.350052]",135,True,67,6.58,1034,120,-0.8,5476.7
902,0.6,"[52.100947, 4.349986]",129,True,66,6.56,1035,120,0.8,5483.1
903,0.6,"[52.100909, 4.349921]",126,True,67,6.54,1036,120,0.8,5489.5
904,0.8,"[52.100871, 4.349857]",123,True,66,6.4,1037,120,0.8,5496.0
905,0.8,"[52.100835, 4.349793]",118,True,70,6.44,1038,120,0.8,5501.8
906,0.8,"[52.1008, 4.349727]",133,True,66,6.2,1039,120,0.0,5507.7
907,0.8,"[52.100761, 4.349653]",127,True,69,6.28,1040,120,0.0,5514.5
908,0.8,"[52.100724, 4.349577]",124,True,67,6.4,1041,119,0.7,5521.5
909,0.8,"[52.100687, 4.349502]",115,True,68,6.42,1042,119,1.5,5528.1
910,1.0,"[52.100649, 4.349425]",128,True,68,6.64,1043,119,0.7,5535.0
911,1.2,"[52.10061, 4.349348]",127,True,69,6.8,1044,118,0.7,5541.7
912,1.0,"[52.10057, 4.34927]",127,True,71,6.88,1045,118,0.0,5548.9
913,1.0,"[52.100531, 4.349195]",125,True,70,6.84,1046,118,-1.5,5555.7
914,1.0,"[52.100492, 4.349121]",123,True,70,6.88,1047,117,-1.5,5562.5
915,0.8,"[52.100454, 4.349047]",113,True,71,6.84,1048,118,-1.5,5569.2
916,0.6,"[52.100417, 4.348973]",113,True,70,6.84,1049,118,-1.5,5575.9
917,0.6,"[52.100381, 4.348894]",123,True,69,6.82,1050,118,-0.8,5583.0
918,0.6,"[52.100348, 4.348819]",121,True,70,6.76,1051,118,0.0,5589.5
919,0.6,"[52.100315, 4.348746]",123,True,67,6.62,1052,118,0.0,5595.6
920,0.6,"[52.100281, 4.348672]",119,True,71,6.5,1053,118,0.0,5601.7
921,0.6,"[52.100247, 4.348599]",114,True,68,6.42,1054,119,0.8,5608.0
922,0.6,"[52.100213, 4.348526]",113,True,68,6.18,1055,119,0.0,5613.9
923,0.8,"[52.100178, 4.348451]",112,True,68,6.16,1056,119,0.0,5620.3
924,0.6,"[52.100142, 4.348373]",106,True,67,6.28,1057,119,0.0,5627.0
925,0.6,"[52.100105, 4.3483]",112,True,70,6.36,1058,118,-0.7,5633.5
926,0.6,"[52.100067, 4.348224]",123,True,68,6.48,1059,119,-1.5,5640.4
927,0.6,"[52.100033, 4.348149]",120,True,70,6.62,1060,118,-1.6,5647.0
928,0.2,"[52.099998, 4.348076]",116,True,68,6.6,1061,118,-2.4,5653.3
929,0.2,"[52.099965, 4.348005]",122,True,68,6.46,1062,118,-2.4,5659.3
930,0.0,"[52.09993, 4.347931]",124,True,68,6.46,1063,118,0.0,5665.8
931,0.0,"[52.099895, 4.34786]",116,True,71,6.32,1064,117,0.8,5672.0
932,0.2,"[52.09986, 4.347787]",114,True,69,6.28,1065,117,1.6,5678.4
933,0.4,"[52.099826, 4.347712]",97,True,69,6.3,1066,117,1.6,5684.8
934,0.4,"[52.099791, 4.347637]",92,True,69,6.4,1067,116,0.8,5691.3
935,0.4,"[52.099757, 4.347565]",81,True,67,6.36,1068,116,0.8,5697.6
936,0.4,"[52.099723, 4.347492]",104,True,69,6.3,1069,116,0.8,5703.5
937,0.6,"[52.099688, 4.347414]",114,True,69,6.32,1070,117,0.8,5710.0
938,0.6,"[52.099652, 4.347337]",118,True,71,6.4,1071,117,1.5,5716.8
939,0.6,"[52.099616, 4.34726]",115,True,70,6.46,1072,117,0.7,5723.6
940,0.8,"[52.099579, 4.347183]",114,True,70,6.52,1073,117,0.7,5730.2
941,0.8,"[52.099542, 4.347107]",118,True,72,6.66,1074,117,0.0,5736.8
942,0.8,"[52.099505, 4.34703]",102,True,72,6.74,1075,117,-0.8,5743.7
943,0.6,"[52.099469, 4.346955]",101,True,72,6.72,1076,117,-0.8,5750.4
944,0.6,"[52.099431, 4.346884]",98,True,71,6.58,1077,117,-0.8,5756.5
945,0.6,"[52.099394, 4.346807]",88,True,72,6.58,1078,118,0.0,5763.1
946,0.6,"[52.099356, 4.346728]",92,True,70,6.64,1079,120,0.0,5770.0
947,0.6,"[52.09932, 4.346653]",126,True,72,6.56,1080,124,0.0,5776.5
948,0.6,"[52.099284, 4.346578]",134,True,67,6.54,1081,124,0.0,5783.1
949,0.6,"[52.099247, 4.346501]",130,True,68,6.62,1082,124,0.0,5789.6
950,0.6,"[52.09921, 4.346422]",110,True,75,6.66,1083,125,-0.8,5796.4
951,0.6,"[52.099174, 4.346346]",98,True,71,6.64,1084,125,-0.8,5803.2
952,0.4,"[52.099137, 4.346274]",85,True,69,6.58,1085,125,-0.8,5809.4
953,0.4,"[52.099099, 4.346202]",96,True,68,6.6,1086,124,-0.8,5816.1
954,0.4,"[52.099062, 4.34613]",102,True,69,6.62,1087,124,0.0,5822.7
955,0.4,"[52.099025, 4.34606]",114,True,69,6.54,1088,124,0.8,5829.1
956,0.4,"[52.09899, 4.345994]",121,True,68,6.36,1089,124,0.8,5835.0
957,0.6,"[52.098953, 4.345924]",128,True,70,6.4,1090,124,1.6,5841.4
958,0.6,"[52.098917, 4.345854]",128,True,67,6.28,1091,124,2.4,5847.5
959,0.8,"[52.098881, 4.34578]",124,True,67,6.24,1092,124,1.6,5853.9
960,1.0,"[52.098847, 4.345704]",129,True,68,6.26,1093,124,1.6,5860.4
961,1.0,"[52.098814, 4.345626]",129,True,70,6.38,1094,124,0.0,5866.9
962,1.0,"[52.098781, 4.345547]",131,True,69,6.34,1095,124,-1.6,5873.1
963,0.8,"[52.098748, 4.34547]",116,True,69,6.52,1096,124,-1.6,5880.1
964,0.6,"[52.098715, 4.345395]",109,True,71,6.38,1097,123,-2.3,5885.8
965,0.6,"[52.098683, 4.345315]",118,True,67,6.38,1098,123,-0.8,5892.3
966,0.4,"[52.09865, 4.345237]",123,True,69,6.36,1099,122,0.0,5898.7
967,0.6,"[52.098618, 4.345162]",125,True,70,6.36,1100,121,0.0,5904.9
968,0.6,"[52.098586, 4.345082]",134,True,69,6.3,1101,121,0.8,5911.6
969,0.6,"[52.098554, 4.345002]",118,True,69,6.52,1102,121,-0.8,5918.4
970,0.6,"[52.098523, 4.344926]",116,True,71,6.42,1103,121,-0.8,5924.4
971,0.4,"[52.098489, 4.344847]",122,True,70,6.46,1104,120,-0.8,5931.0
972,0.4,"[52.098458, 4.344769]",124,True,69,6.44,1105,120,0.0,5937.1
973,0.4,"[52.098424, 4.344687]",125,True,69,6.48,1106,120,0.8,5944.0
974,0.6,"[52.09839, 4.344608]",120,True,72,6.46,1107,121,0.8,5950.7
975,0.6,"[52.098356, 4.344532]",123,True,69,6.54,1108,120,0.8,5957.1
976,0.6,"[52.098321, 4.344454]",123,True,68,6.52,1109,120,0.0,5963.6
977,0.6,"[52.098287, 4.344374]",120,True,70,6.68,1110,120,0.0,5970.5
978,0.6,"[52.098254, 4.344295]",119,True,68,6.62,1111,121,0.0,5977.1
979,0.6,"[52.09822, 4.344222]",120,True,70,6.58,1112,120,0.0,5983.6
980,0.6,"[52.098186, 4.344148]",100,True,68,6.54,1113,120,0.8,5989.8
981,0.6,"[52.098152, 4.344074]",106,True,70,6.58,1114,120,0.8,5996.5
982,0.8,"[52.098118, 4.344001]",127,True,67,6.42,1115,120,0.8,6002.6
983,0.8,"[52.098087, 4.343925]",128,True,71,6.36,1116,119,0.8,6008.9
984,0.8,"[52.098056, 4.343849]",122,True,68,6.32,1117,118,0.0,6015.2
985,0.8,"[52.098026, 4.343774]",121,True,67,6.3,1118,118,0.0,6021.3
986,0.8,"[52.097996, 4.343694]",101,True,68,6.22,1119,118,0.0,6027.6
987,0.8,"[52.097966, 4.343611]",106,True,70,6.3,1120,117,0.0,6034.1
988,0.8,"[52.097934, 4.343527]",113,True,70,6.42,1121,118,-0.7,6041.0
989,0.8,"[52.097902, 4.343445]",90,True,72,6.46,1122,118,-0.7,6047.5
990,0.6,"[52.09787, 4.343362]",86,True,73,6.6,1123,117,-1.5,6054.3
991,0.6,"[52.097837, 4.34328]",85,True,72,6.64,1124,118,-1.5,6060.8
992,0.4,"[52.097803, 4.343196]",81,True,72,6.72,1125,118,-0.7,6067.7
993,0.4,"[52.097769, 4.343115]",82,True,73,6.7,1126,117,-1.5,6074.5
994,0.4,"[52.097736, 4.343036]",89,True,72,6.72,1127,117,0.0,6081.1
995,0.2,"[52.097703, 4.342954]",83,True,72,6.74,1128,117,0.0,6088.0
996,0.4,"[52.097669, 4.342873]",83,True,73,6.82,1129,117,-0.8,6094.9
997,0.4,"[52.097635, 4.342794]",97,True,73,6.66,1130,116,0.0,6101.0
998,0.2,"[52.097599, 4.34271]",85,True,73,6.62,1131,116,-0.7,6107.6
999,0.2,"[52.097562, 4.342622]",91,True,76,6.82,1132,116,-1.4,6115.2
1000,0.2,"[52.097528, 4.342538]",99,True,72,6.9,1133,116,-0.7,6122.5
1001,0.0,"[52.097493, 4.342458]",91,True,73,6.78,1134,117,-1.4,6128.8
1002,0.0,"[52.097458, 4.342372]",78,True,75,7.04,1135,116,-0.7,6136.2
1003,-0.2,"[52.097427, 4.342285]",82,True,73,7.16,1136,116,-0.7,6143.4
1004,0.0,"[52.097405, 4.342193]",85,True,74,6.96,1137,116,-0.7,6150.0
1005,-0.2,"[52.09738, 4.342099]",86,True,72,6.86,1138,117,0.0,6156.8
1006,-0.2,"[52.09735, 4.342008]",92,True,74,7.04,1139,116,-0.7,6164.0
1007,-0.2,"[52.097317, 4.341925]",95,True,75,6.9,1140,116,0.0,6170.7
1008,-0.2,"[52.097283, 4.341845]",94,True,72,6.72,1141,116,0.0,6177.0
1009,-0.2,"[52.097249, 4.341761]",104,True,71,6.82,1142,117,-0.7,6184.1
1010,-0.2,"[52.097216, 4.341681]",110,True,71,6.8,1143,116,-0.7,6190.8
1011,-0.4,"[52.097184, 4.3416]",107,True,71,6.7,1144,116,-1.5,6197.5
1012,-0.4,"[52.097153, 4.341523]",110,True,69,6.72,1145,116,-0.8,6204.3
1013,-0.6,"[52.097122, 4.34145]",116,True,70,6.6,1146,117,0.8,6210.0
1014,-0.4,"[52.097091, 4.341373]",117,True,67,6.4,1147,117,1.6,6216.1
1015,-0.2,"[52.097059, 4.341295]",115,True,67,6.36,1148,118,3.1,6222.6
1016,0.0,"[52.097027, 4.341218]",121,True,69,6.28,1149,118,3.1,6228.9
1017,0.2,"[52.096996, 4.341137]",121,True,68,6.22,1150,118,2.3,6235.4
1018,0.4,"[52.096963, 4.34106]",126,True,69,6.38,1151,118,1.5,6241.9
1019,0.4,"[52.096931, 4.340982]",131,True,70,6.48,1152,118,0.8,6248.5
1020,0.4,"[52.0969, 4.340904]",133,True,69,6.44,1153,118,0.0,6254.8
1021,0.4,"[52.096868, 4.340827]",134,True,68,6.5,1154,118,0.0,6261.4
1022,0.4,"[52.096837, 4.340749]",115,True,68,6.5,1155,118,-0.8,6267.9
1023,0.4,"[52.096806, 4.340674]",114,True,70,6.4,1156,118,-1.6,6273.9
1024,0.2,"[52.096775, 4.340594]",114,True,71,6.32,1157,117,-2.4,6280.1
1025,0.0,"[52.096743, 4.340511]",110,True,68,6.42,1158,117,-2.3,6286.9
1026,-0.2,"[52.096711, 4.340433]",115,True,72,6.4,1159,117,-1.5,6293.4
1027,-0.2,"[52.096677, 4.340357]",115,True,70,6.38,1160,117,-0.8,6299.8
1028,-0.2,"[52.096644, 4.340282]",106,True,70,6.42,1161,117,0.0,6306.0
1029,-0.2,"[52.096612, 4.340199]",106,True,68,6.52,1162,117,0.0,6312.7
1030,-0.2,"[52.096579, 4.340118]",111,True,72,6.5,1163,117,0.0,6319.4
1031,-0.2,"[52.096546, 4.340037]",113,True,73,6.42,1164,117,0.0,6325.5
1032,-0.2,"[52.09651, 4.339953]",112,True,71,6.64,1165,117,0.0,6333.0
1033,-0.2,"[52.096477, 4.339875]",88,True,71,6.66,1166,117,0.0,6339.3
1034,-0.2,"[52.096443, 4.339796]",86,True,70,6.58,1167,117,0.0,6345.6
1035,-0.2,"[52.096409, 4.339714]",93,True,71,6.62,1168,117,0.0,6352.5
1036,-0.2,"[52.096375, 4.339635]",96,True,71,6.7,1169,117,0.0,6359.0
1037,-0.2,"[52.096341, 4.339557]",102,True,70,6.54,1170,117,0.8,6365.7
1038,-0.2,"[52.096305, 4.339479]",106,True,70,6.58,1171,117,0.8,6372.2
1039,0.0,"[52.09627, 4.3394]",102,True,72,6.66,1172,118,0.8,6378.9
1040,0.0,"[52.09624, 4.339317]",109,True,70,6.54,1173,117,0.8,6385.2
1041,0.0,"[52.096221, 4.339221]",104,True,72,6.64,1174,117,0.0,6392.2
1042,0.0,"[52.096213, 4.339125]",104,True,72,6.56,1175,116,0.7,6398.5
1043,0.0,"[52.09621, 4.339026]",110,True,71,6.6,1176,116,0.8,6405.2
1044,0.2,"[52.096217, 4.33893]",122,True,71,6.62,1177,116,0.8,6412.0
1045,0.2,"[52.096224, 4.338841]",108,True,70,6.64,1178,116,0.8,6418.4
1046,0.2,"[52.096241, 4.338756]",104,True,72,6.46,1179,117,0.0,6424.5
1047,0.2,"[52.096267, 4.338674]",109,True,68,6.42,1180,117,0.0,6430.6
1048,0.2,"[52.096288, 4.33859]",110,True,72,6.3,1181,117,-0.8,6436.7
1049,0.2,"[52.096308, 4.338502]",112,True,71,6.24,1182,117,-0.8,6443.2
1050,0.0,"[52.096327, 4.338412]",92,True,70,6.24,1183,117,-0.8,6449.6
1051,0.0,"[52.096348, 4.338318]",96,True,70,6.42,1184,117,0.0,6456.6
1052,0.0,"[52.096367, 4.338228]",107,True,69,6.54,1185,116,1.5,6463.3
1053,0.2,"[52.096385, 4.33814]",116,True,68,6.64,1186,117,1.6,6469.9
1054,0.4,"[52.096404, 4.338053]",118,True,69,6.52,1187,117,2.4,6475.8
1055,0.4,"[52.096424, 4.337963]",119,True,67,6.56,1188,116,1.6,6482.4
1056,0.6,"[52.096444, 4.337875]",106,True,69,6.42,1189,117,0.8,6488.7
1057,0.6,"[52.096467, 4.337783]",109,True,67,6.48,1190,116,0.8,6495.7
1058,0.6,"[52.096484, 4.337698]",118,True,69,6.46,1191,116,0.0,6502.2
1059,0.6,"[52.096502, 4.337617]",125,True,68,6.3,1192,116,-0.8,6507.3
1060,0.6,"[52.096521, 4.337526]",121,True,67,6.28,1193,116,-0.8,6513.8
1061,0.4,"[52.096536, 4.337428]",134,True,68,6.4,1194,117,-0.7,6520.7
1062,0.4,"[52.096552, 4.337331]",131,True,65,6.38,1195,116,-0.7,6527.6
1063,0.4,"[52.096572, 4.337239]",125,True,71,6.5,1196,116,0.0,6534.7
1064,0.4,"[52.0966, 4.337154]",137,True,69,6.76,1197,115,0.0,6541.1
1065,0.4,"[52.096637, 4.337083]",121,True,71,6.7,1198,115,-0.8,6547.3
1066,0.4,"[52.09668, 4.337024]",138,True,67,6.5,1199,115,-0.8,6553.2
1067,0.2,"[52.096728, 4.336978]",141,True,68,6.28,1200,115,-0.8,6559.0
1068,0.2,"[52.096777, 4.336935]",126,True,68,6.1,1201,116,-0.8,6565.2
1069,0.2,"[52.096826, 4.336888]",126,True,68,6.1,1202,116,0.0,6571.6
1070,0.2,"[52.096873, 4.336839]",85,True,67,6.1,1203,116,0.0,6577.8
1071,0.2,"[52.096921, 4.336788]",98,True,67,6.12,1204,115,0.0,6583.8
1072,0.2,"[52.096968, 4.336737]",103,True,65,6.24,1205,115,0.0,6590.2
1073,0.2,"[52.097017, 4.336691]",103,True,67,6.24,1206,115,0.0,6596.4
1074,0.2,"[52.097065, 4.336641]",119,True,67,6.36,1207,115,0.8,6603.4
1075,0.2,"[52.09711, 4.336589]",118,True,66,6.38,1208,115,0.8,6609.7
1076,0.4,"[52.097155, 4.336537]",109,True,67,6.4,1209,115,0.8,6615.8
1077,0.4,"[52.097199, 4.336483]",107,True,66,6.34,1210,115,1.7,6621.9
1078,0.4,"[52.097243, 4.336432]",110,True,70,6.26,1211,116,0.8,6627.7
1079,0.6,"[52.09729, 4.336382]",124,True,67,6.1,1212,116,0.8,6633.9
1080,0.6,"[52.097339, 4.336335]",106,True,62,6.12,1213,117,0.8,6640.3
1081,0.6,"[52.097384, 4.33629]",122,True,72,6.04,1214,117,-0.8,6646.0
1082,0.6,"[52.09743, 4.336241]",119,True,67,5.96,1215,118,-0.9,6651.7
1083,0.4,"[52.097476, 4.336194]",102,True,67,6.08,1216,119,0.0,6658.1
1084,0.4,"[52.097521, 4.33615]",112,True,67,5.98,1217,119,0.0,6663.8
1085,0.6,"[52.097568, 4.336107]",106,True,66,5.82,1218,121,0.9,6669.4
1086,0.6,"[52.097618, 4.336066]",109,True,65,5.92,1219,121,0.8,6675.6
1087,0.6,"[52.097667, 4.336018]",113,True,65,5.98,1220,121,0.0,6681.6
1088,0.6,"[52.097717, 4.335966]",101,True,66,6.1,1221,122,0.0,6688.6
1089,0.6,"[52.097764, 4.33591]",104,True,68,6.28,1222,122,0.0,6695.2
1090,0.6,"[52.097809, 4.335852]",91,True,65,6.46,1223,122,0.0,6701.7
1091,0.6,"[52.097848, 4.335788]",66,True,66,6.44,1224,122,0.8,6707.8
1092,0.6,"[52.097876, 4.335709]",96,True,66,6.44,1225,122,0.0,6713.8
1093,0.8,"[52.097896, 4.335622]",108,True,66,6.28,1226,122,-1.6,6720.0
1094,0.6,"[52.097907, 4.335525]",107,True,66,6.34,1227,122,-2.3,6726.9
1095,0.2,"[52.097904, 4.335431]",90,True,69,6.24,1228,123,-3.8,6732.9
1096,0.0,"[52.097892, 4.335338]",84,True,70,6.32,1229,121,-3.9,6739.4
1097,-0.2,"[52.097867, 4.335249]",81,True,72,6.48,1230,121,-3.1,6746.2
1098,-0.4,"[52.097839, 4.335171]",106,True,72,6.46,1231,120,-2.4,6752.3
1099,-0.6,"[52.097812, 4.335084]",115,True,71,6.36,1232,120,-1.6,6758.7
1100,-0.6,"[52.097786, 4.335001]",116,True,71,6.4,1233,120,-0.8,6764.9
1101,-0.6,"[52.097758, 4.334915]",115,True,74,6.52,1234,119,0.0,6772.0
1102,-0.6,"[52.097731, 4.334836]",103,True,70,6.36,1235,119,0.7,6778.0
1103,-0.6,"[52.0977, 4.334754]",103,True,70,6.44,1236,119,0.8,6784.5
1104,-0.4,"[52.097665, 4.334669]",99,True,72,6.58,1237,119,1.5,6791.6
1105,-0.4,"[52.09764, 4.334588]",91,True,71,6.64,1238,120,1.5,6798.1
1106,-0.2,"[52.097613, 4.334503]",74,True,71,6.6,1239,119,0.8,6805.0
1107,-0.2,"[52.097581, 4.334421]",100,True,73,6.7,1240,119,0.8,6811.5
1108,-0.2,"[52.097551, 4.334337]",107,True,72,6.7,1241,120,0.0,6818.0
1109,-0.2,"[52.097521, 4.334252]",107,True,72,6.56,1242,120,0.0,6824.4
1110,-0.2,"[52.097489, 4.334162]",102,True,71,6.64,1243,120,0.7,6831.3
1111,-0.2,"[52.097456, 4.334075]",108,True,71,6.74,1244,120,0.7,6838.7
1112,0.0,"[52.097426, 4.333988]",122,True,68,6.82,1245,120,0.7,6845.6
1113,0.0,"[52.097392, 4.333902]",122,True,75,7.0,1246,120,0.0,6853.0
1114,0.0,"[52.097363, 4.333824]",110,True,70,6.98,1247,120,-2.3,6859.3
1115,-0.2,"[52.097337, 4.333741]",111,True,72,6.92,1248,119,-3.1,6865.9
1116,-0.6,"[52.097308, 4.333658]",121,True,69,6.7,1249,119,-4.7,6872.2
1117,-0.8,"[52.097279, 4.333574]",121,True,69,6.64,1250,119,-5.4,6878.8
1118,-1.2,"[52.09725, 4.33349]",112,True,71,6.4,1251,118,-4.5,6885.0
1119,-1.6,"[52.09722, 4.333404]",96,True,70,6.5,1252,118,-3.1,6891.8
1120,-1.8,"[52.097194, 4.33332]",101,True,69,6.54,1253,118,-1.5,6898.6
1121,-1.6,"[52.097167, 4.33324]",114,True,69,6.54,1254,118,0.8,6904.9
1122,-1.6,"[52.097137, 4.33316]",119,True,70,6.56,1255,118,2.4,6911.6
1123,-1.4,"[52.097109, 4.333083]",119,True,70,6.52,1256,118,1.6,6917.6
1124,-1.2,"[52.097083, 4.333005]",121,True,68,6.42,1257,118,2.5,6923.9
1125,-1.2,"[52.097055, 4.332926]",138,True,70,6.28,1258,117,1.6,6930.0
1126,-1.0,"[52.097028, 4.332848]",138,True,67,6.22,1259,117,0.8,6936.0
1127,-1.0,"[52.097002, 4.33277]",136,True,68,6.16,1260,117,1.6,6942.4
1128,-1.0,"[52.096976, 4.332695]",125,True,66,6.1,1261,118,0.0,6948.1
1129,-0.8,"[52.096951, 4.332616]",121,True,67,6.14,1262,118,0.0,6954.6
1130,-1.0,"[52.096928, 4.332541]",129,True,66,6.02,1263,118,-0.9,6960.1
1131,-1.0,"[52.096901, 4.332466]",128,True,65,5.94,1264,118,-1.7,6965.7
1132,-1.2,"[52.096877, 4.332389]",125,True,67,5.84,1265,118,-0.9,6971.6
1133,-1.2,"[52.096853, 4.332308]",113,True,68,5.96,1266,119,-0.8,6977.9
1134,-1.2,"[52.096828, 4.332226]",109,True,67,5.76,1267,119,0.0,6983.4
1135,-1.2,"[52.096801, 4.332142]",102,True,66,5.94,1268,119,0.0,6989.8
1136,-1.2,"[52.096772, 4.332056]",101,True,71,6.18,1269,118,-0.8,6996.6
1137,-1.2,"[52.096745, 4.331969]",97,True,66,6.32,1270,119,-0.8,7003.2
1138,-1.4,"[52.096719, 4.331884]",92,True,72,6.38,1271,119,-0.8,7009.8
1139,-1.4,"[52.096692, 4.331798]",103,True,69,6.54,1272,119,0.0,7016.1
1140,-1.4,"[52.096667, 4.331714]",97,True,68,6.58,1273,118,1.5,7022.7
1141,-1.2,"[52.096639, 4.331624]",97,True,71,6.68,1274,119,1.5,7030.0
1142,-1.0,"[52.096613, 4.331535]",101,True,71,6.72,1275,119,1.5,7036.8
1143,-1.0,"[52.096587, 4.33145]",90,True,68,6.74,1276,119,0.8,7043.5
1144,-1.0,"[52.096561, 4.331363]",85,True,72,6.78,1277,120,-0.8,7050.0
1145,-1.0,"[52.096533, 4.331279]",105,True,71,6.68,1278,119,-0.8,7056.1
1146,-1.2,"[52.096507, 4.331193]",103,True,70,6.52,1279,119,-1.5,7062.6
1147,-1.2,"[52.09648, 4.331107]",102,True,70,6.54,1280,120,-1.5,7069.5
1148,-1.4,"[52.096454, 4.33102]",101,True,72,6.58,1281,119,0.0,7076.4
1149,-1.4,"[52.096429, 4.330935]",98,True,72,6.52,1282,119,0.0,7082.6
1150,-1.2,"[52.096401, 4.330849]",102,True,71,6.6,1283,119,1.5,7089.1
1151,-1.2,"[52.096373, 4.330759]",93,True,70,6.74,1284,120,1.5,7096.3
1152,-1.0,"[52.096347, 4.330672]",86,True,68,6.64,1285,119,0.7,7102.7
1153,-1.0,"[52.096322, 4.330582]",87,True,72,6.58,1286,119,1.5,7109.3
1154,-1.0,"[52.0963, 4.33049]",106,True,71,6.68,1287,119,1.5,7116.0
1155,-0.8,"[52.09628, 4.330397]",93,True,70,6.84,1288,119,1.4,7123.3
1156,-0.6,"[52.09626, 4.330306]",86,True,72,6.78,1289,120,2.2,7130.2
1157,-0.6,"[52.096238, 4.330215]",88,True,72,6.88,1290,119,1.5,7137.1
1158,-0.4,"[52.096215, 4.330133]",98,True,72,6.82,1291,119,0.8,7143.4
1159,-0.4,"[52.096187, 4.330047]",103,True,72,6.76,1292,120,0.8,7149.8
1160,-0.4,"[52.096155, 4.329965]",112,True,72,6.64,1293,119,-0.8,7156.5
1161,-0.4,"[52.096124, 4.329883]",106,True,73,6.62,1294,119,-2.3,7163.3
1162,-0.6,"[52.096096, 4.329803]",103,True,71,6.44,1295,120,-3.1,7169.3
1163,-1.0,"[52.096069, 4.329719]",94,True,71,6.48,1296,120,-4.9,7175.8
1164,-1.2,"[52.096043, 4.329638]",87,True,71,6.52,1297,120,-5.7,7182.4
1165,-1.6,"[52.096017, 4.329563]",102,True,71,6.3,1298,120,-3.3,7188.0
1166,-2.0,"[52.095991, 4.329484]",105,True,69,6.1,1299,119,-1.7,7193.8
1167,-1.8,"[52.095966, 4.329402]",104,True,67,6.14,1300,120,0.8,7200.0
1168,-1.6,"[52.095939, 4.329318]",101,True,71,6.06,1301,120,3.9,7206.1
1169,-1.4,"[52.095913, 4.329233]",101,True,67,6.12,1302,120,4.6,7213.0
1170,-1.0,"[52.095887, 4.329148]",80,True,70,6.24,1303,121,3.8,7219.2
1171,-0.6,"[52.095859, 4.329062]",108,True,68,6.44,1304,122,3.0,7226.0
1172,-0.6,"[52.095834, 4.328978]",106,True,67,6.48,1305,122,1.5,7232.4
1173,-0.6,"[52.095808, 4.32889]",98,True,68,6.66,1306,122,0.0,7239.4
1174,-0.6,"[52.095785, 4.328807]",104,True,66,6.52,1307,122,0.8,7245.6
1175,-0.6,"[52.095759, 4.328729]",113,True,68,6.48,1308,122,0.8,7251.6
1176,-0.4,"[52.095735, 4.32865]",102,True,67,6.3,1309,123,1.7,7257.5
1177,-0.4,"[52.095712, 4.328571]",115,True,66,6.22,1310,122,1.7,7263.5
1178,-0.2,"[52.095688, 4.328494]",132,True,62,6.04,1311,122,0.9,7269.6
1179,-0.2,"[52.095667, 4.328416]",71,True,59,6.0,1312,122,0.9,7275.6
1180,-0.2,"[52.095646, 4.328341]",71,True,59,5.82,1313,122,-0.9,7280.7
1181,-0.2,"[52.095624, 4.328262]",0,True,0,5.8,1314,121,-2.6,7286.5
1182,-0.4,"[52.095602, 4.328183]",0,True,0,5.8,1315,121,-2.5,7292.5
1183,-0.8,"[52.095584, 4.328106]",0,True,0,5.74,1316,121,-2.6,7298.3
1184,-0.8,"[52.095565, 4.328029]",0,True,0,5.74,1317,121,-2.6,7304.3
1185,-0.8,"[52.095546, 4.327956]",0,True,0,5.82,1318,122,-0.9,7309.8
1186,-1.0,"[52.095526, 4.327886]",0,True,0,5.74,1319,121,0.0,7315.2
1187,-1.0,"[52.095505, 4.327822]",0,True,0,5.52,1320,121,0.0,7320.1
1188,-0.8,"[52.095487, 4.327754]",0,True,0,5.34,1321,121,1.0,7325.0
1189,-0.8,"[52.095471, 4.327687]",0,True,0,5.1,1322,120,2.2,7329.8
1190,-0.8,"[52.095456, 4.327621]",0,True,0,4.94,1323,120,1.1,7334.5
1191,-0.6,"[52.095446, 4.327564]",0,True,0,4.7,1324,120,1.2,7338.7
1192,-0.6,"[52.095438, 4.327512]",0,True,0,4.54,1325,120,1.2,7342.8
1193,-0.6,"[52.095425, 4.327459]",31,True,35,4.4,1326,120,0.0,7347.0
1194,-0.6,"[52.09541, 4.327411]",151,True,38,4.2,1327,119,0.0,7350.8
1195,-0.6,"[52.095393, 4.327361]",175,True,49,3.98,1328,119,-1.3,7354.4
1196,-0.6,"[52.095373, 4.327308]",198,True,49,3.9,1329,120,-2.4,7358.2
1197,-0.8,"[52.095349, 4.327252]",168,True,44,4.02,1330,120,-2.2,7362.9
1198,-1.0,"[52.095316, 4.327206]",148,True,49,4.14,1331,120,-3.2,7367.7
1199,-1.0,"[52.095281, 4.327168]",127,True,38,4.3,1332,121,-2.1,7372.3
1200,-1.2,"[52.095247, 4.327123]",97,True,38,4.54,1333,121,0.0,7377.1
1201,-1.2,"[52.095215, 4.327068]",132,True,53,4.76,1334,122,0.0,7382.0
1202,-1.0,"[52.095186, 4.327002]",173,True,56,4.92,1335,122,0.9,7387.5
1203,-1.0,"[52.095159, 4.326934]",162,True,58,5.12,1336,122,1.8,7393.3
1204,-1.0,"[52.095133, 4.326865]",126,True,59,5.32,1337,122,0.9,7398.9
1205,-0.8,"[52.095108, 4.326796]",112,True,59,5.4,1338,122,0.9,7404.1
1206,-0.8,"[52.095082, 4.326723]",121,True,59,5.56,1339,122,0.9,7409.8
1207,-0.8,"[52.095055, 4.326652]",114,True,61,5.62,1340,121,0.0,7415.6
1208,-0.8,"[52.095028, 4.326582]",103,True,61,5.64,1341,121,0.0,7421.5
1209,-0.8,"[52.095002, 4.326512]",88,True,59,5.62,1342,120,0.0,7427.0
1210,-0.8,"[52.094972, 4.326438]",106,True,63,5.76,1343,118,0.0,7432.9
1211,-0.8,"[52.094939, 4.326372]",113,True,62,5.86,1344,117,0.8,7439.1
1212,-0.8,"[52.094906, 4.326309]",100,True,63,5.8,1345,115,0.8,7444.6
1213,-0.6,"[52.094874, 4.326238]",99,True,65,5.82,1346,115,1.7,7450.6
1214,-0.6,"[52.094845, 4.326166]",95,True,64,5.9,1347,114,2.5,7456.5
1215,-0.4,"[52.094814, 4.32609]",92,True,65,5.9,1348,114,1.6,7462.4
1216,-0.2,"[52.094785, 4.326008]",92,True,65,5.9,1349,113,0.8,7468.6
1217,-0.2,"[52.094755, 4.325926]",88,True,66,6.1,1350,113,-0.8,7475.1
1218,-0.4,"[52.094728, 4.325845]",73,True,65,6.2,1351,113,-2.4,7481.6
1219,-0.6,"[52.094701, 4.325768]",68,True,66,6.3,1352,113,-3.1,7488.0
1220,-0.8,"[52.094671, 4.325692]",70,True,64,6.34,1353,114,-2.4,7494.1
1221,-1.0,"[52.094642, 4.325616]",71,True,65,6.4,1354,114,-0.8,7500.6
1222,-1.0,"[52.094613, 4.325543]",82,True,66,6.3,1355,114,0.8,7506.6
1223,-0.8,"[52.094586, 4.32547]",88,True,66,6.18,1356,114,1.7,7512.5
1224,-0.6,"[52.094559, 4.325397]",72,True,64,6.08,1357,114,1.7,7518.4
1225,-0.6,"[52.094531, 4.325325]",63,True,63,6.06,1358,115,1.7,7524.4
1226,-0.6,"[52.094505, 4.325253]",69,True,66,5.9,1359,115,0.9,7530.1
1227,-0.4,"[52.09448, 4.325181]",81,True,65,5.8,1360,115,0.9,7535.6
1228,-0.4,"[52.094453, 4.325108]",78,True,62,5.76,1361,115,1.7,7541.3
1229,-0.4,"[52.094425, 4.325035]",63,True,63,5.74,1362,114,0.8,7547.1
1230,-0.2,"[52.094396, 4.324961]",53,True,64,5.84,1363,115,0.0,7553.6
1231,-0.2,"[52.094368, 4.324889]",54,True,63,5.82,1364,115,-0.9,7559.2
1232,-0.4,"[52.094342, 4.324816]",64,True,63,5.88,1365,115,-1.8,7565.0
1233,-0.6,"[52.094313, 4.324746]",61,True,64,5.82,1366,115,-1.8,7570.4
1234,-0.6,"[52.094287, 4.324673]",49,True,63,5.74,1367,115,-0.9,7575.8
1235,-0.6,"[52.094262, 4.324602]",27,True,0,5.56,1368,115,0.0,7581.4
1236,-0.6,"[52.094237, 4.32453]",0,True,0,5.54,1369,116,0.0,7586.9
1237,-0.6,"[52.094212, 4.324457]",0,True,0,5.58,1370,115,0.9,7592.9
1238,-0.6,"[52.094185, 4.324386]",0,True,0,5.6,1371,115,0.9,7598.4
1239,-0.4,"[52.094159, 4.32432]",0,True,0,5.62,1372,115,1.9,7603.9
1240,-0.4,"[52.094136, 4.324254]",0,True,0,5.6,1373,115,2.9,7609.4
1241,-0.2,"[52.094118, 4.324189]",0,True,0,5.4,1374,115,2.9,7613.9
1242,0.0,"[52.094101, 4.324118]",0,True,0,5.26,1375,115,1.9,7619.2
1243,0.2,"[52.094079, 4.324046]",54,True,59,5.22,1376,114,0.9,7624.5
1244,0.0,"[52.094053, 4.323973]",156,True,57,5.34,1377,114,0.0,7630.6
1245,0.0,"[52.094026, 4.323907]",136,True,58,5.32,1378,114,-0.9,7636.0
1246,0.0,"[52.094004, 4.323834]",128,True,61,5.56,1379,115,0.0,7641.7
1247,0.0,"[52.094002, 4.323758]",129,True,59,5.36,1380,115,0.9,7646.0
1248,0.0,"[52.09402, 4.323677]",118,True,60,5.4,1381,115,0.0,7651.5
1249,0.2,"[52.094053, 4.323606]",122,True,60,5.36,1382,115,0.0,7657.4
1250,0.0,"[52.094084, 4.323527]",145,True,58,5.58,1383,115,0.0,7663.9
1251,0.0,"[52.0941, 4.323444]",126,True,60,5.68,1384,115,-1.7,7670.1
1252,0.0,"[52.094099, 4.323363]",87,True,65,5.88,1385,115,-0.9,7675.4
1253,-0.2,"[52.094085, 4.323282]",87,True,59,5.8,1386,116,-0.9,7680.5
1254,-0.2,"[52.094061, 4.323206]",82,True,65,5.78,1387,116,0.0,7686.3
1255,-0.2,"[52.094035, 4.32314]",76,True,62,5.48,1388,116,0.9,7691.3
1256,0.0,"[52.094007, 4.323068]",64,True,64,5.34,1389,115,0.9,7696.8
1257,0.0,"[52.093976, 4.323002]",58,True,64,5.36,1390,116,0.0,7702.2
1258,0.0,"[52.09395, 4.322936]",29,True,0,5.4,1391,115,-1.8,7707.5
1259,-0.2,"[52.093922, 4.322867]",0,True,0,5.28,1392,115,-2.7,7712.7
1260,-0.4,"[52.093897, 4.322793]",0,True,0,5.46,1393,115,-2.7,7718.6
1261,-0.6,"[52.09387, 4.322729]",0,True,0,5.52,1394,115,-2.8,7724.4
1262,-0.6,"[52.093846, 4.322672]",0,True,0,5.48,1395,115,-1.0,7729.6
1263,-0.8,"[52.093833, 4.32261]",0,True,0,5.36,1396,115,0.0,7734.3
1264,-0.6,"[52.09383, 4.322548]",0,True,0,5.14,1397,115,1.1,7738.4
1265,-0.6,"[52.093851, 4.322487]",0,True,0,4.9,1398,115,2.3,7743.1
1266,-0.4,"[52.093878, 4.322441]",0,True,0,4.58,1399,114,2.2,7747.3
1267,-0.4,"[52.093913, 4.322405]",0,True,0,4.48,1400,114,2.1,7752.0
1268,-0.2,"[52.09395, 4.322375]",0,True,0,4.52,1401,114,2.1,7756.9
1269,-0.2,"[52.093986, 4.322341]",0,True,0,4.7,1402,114,2.0,7761.9
1270,0.0,"[52.094021, 4.322303]",30,True,53,4.7,1403,114,1.1,7766.6
1271,0.0,"[52.094058, 4.322264]",90,True,53,4.86,1404,114,1.1,7771.6
1272,0.0,"[52.094094, 4.32223]",22,True,0,4.78,1405,113,0.0,7775.9
1273,0.0,"[52.094134, 4.322207]",0,True,0,4.76,1406,114,0.0,7780.7
1274,0.0,"[52.094173, 4.322195]",0,True,0,4.64,1407,114,-1.1,7785.1
1275,0.0,"[52.094211, 4.322182]",0,True,0,4.68,1408,114,-1.2,7790.0
1276,-0.2,"[52.094243, 4.322154]",0,True,0,4.52,1409,113,-1.2,7794.2
1277,-0.2,"[52.094272, 4.322125]",0,True,0,4.4,1410,113,-1.3,7797.9
1278,-0.2,"[52.094299, 4.322093]",0,True,0,4.16,1411,112,0.0,7801.5
1279,-0.2,"[52.094323, 4.322058]",0,True,0,4.0,1412,112,1.4,7805.1
1280,-0.2,"[52.094348, 4.322025]",0,True,0,3.78,1413,111,1.5,7808.9
1281,0.0,"[52.094372, 4.321998]",0,True,0,3.62,1414,110,1.6,7812.3
1282,0.0,"[52.094394, 4.321973]",0,True,0,3.4,1415,110,3.4,7814.9
1283,0.0,"[52.094413, 4.321943]",0,True,0,3.3,1416,110,2.0,7818.0
1284,0.2,"[52.094425, 4.321918]",0,True,0,3.1,1417,109,5.2,7820.6
1285,0.2,"[52.094432, 4.321906]",0,True,0,2.58,1418,109,5.2,7821.8
1286,0.2,"[52.094429, 4.321894]",0,True,0,2.0,1419,109,7.8,7822.3
1287,0.4,"[52.094431, 4.321893]",0,True,0,1.54,1420,109,7.8,7822.6
1288,0.4,"[52.094427, 4.32189]",0,False,0,0.92,1421,108,9.8,7822.6
1289,0.4,"[52.094417, 4.321883]",0,False,0,0.4,1422,108,9.8,7822.6
1290,0.6,"[52.094405, 4.321866]",0,False,0,0.16,1423,108,9.8,7822.6
1291,0.6,"[52.0944, 4.321859]",0,False,0,0.06,1424,108,7.3,7822.6
1292,0.6,"[52.094399, 4.321859]",0,False,0,0.0,1425,108,4.7,7822.6
1293,0.6,"[52.094401, 4.321855]",0,False,0,0.0,1426,108,0.0,7822.6
1294,0.6,"[52.094403, 4.321854]",0,True,0,0.1,1427,109,0.0,7823.1
1295,0.8,"[52.094398, 4.321846]",0,False,0,0.1,1428,108,2.4,7823.1
1296,0.8,"[52.094394, 4.321829]",0,False,0,0.1,1429,108,2.4,7823.1
1297,0.8,"[52.094392, 4.321811]",0,False,0,0.1,1430,109,2.4,7823.1
1298,0.8,"[52.094389, 4.321802]",0,False,0,0.1,1431,108,2.4,7823.1
1299,0.8,"[52.094389, 4.321794]",0,False,0,0.0,1432,108,3.7,7823.1
1300,0.8,"[52.094389, 4.32179]",0,False,0,0.0,1433,107,0.0,7823.1
1301,0.6,"[52.094387, 4.321771]",0,False,0,0.0,1434,107,0.0,7823.1
1302,0.4,"[52.094389, 4.321772]",0,False,0,0.06,1435,107,0.0,7823.4
1303,0.4,"[52.094389, 4.321771]",0,False,0,0.06,1436,107,-25.0,7823.4
1304,0.2,"[52.094389, 4.321771]",0,False,0,0.06,1437,107,-25.0,7823.4
1305,0.0,"[52.094389, 4.321771]",0,False,0,0.06,1438,107,-25.0,7823.4
1306,0.0,"[52.094389, 4.321771]",0,False,0,0.06,1439,107,-25.0,7823.4
1307,0.0,"[52.094389, 4.321771]",0,False,0,0.0,1440,107,0.0,7823.4
1308,0.0,"[52.094389, 4.321771]",0,False,0,0.0,1441,106,0.0,7823.4
1309,0.2,"[52.094389, 4.321771]",0,False,0,0.0,1442,106,0.0,7823.4
1310,0.2,"[52.094389, 4.321771]",0,False,0,0.0,1443,106,0.0,7823.4
1311,0.2,"[52.094389, 4.321771]",0,False,0,0.0,1444,106,0.0,7823.4
1312,0.2,"[52.094389, 4.321771]",0,False,0,0.0,1445,106,0.0,7823.4
1313,0.2,"[52.094389, 4.321771]",0,False,0,0.0,1446,106,0.0,7823.4
1314,0.2,"[52.094388, 4.321768]",0,False,0,0.0,1447,106,0.0,7823.4
