timepoint,time,moving,watts
0,0,False,126
1,1,True,126
2,2,True,125
3,3,True,124
4,4,True,124
5,5,True,124
6,6,True,106
7,7,True,111
8,8,True,133
9,9,True,106
10,10,True,103
11,11,True,130
12,12,True,161
13,13,True,146
14,14,True,141
15,15,True,153
16,16,True,171
17,17,True,172
18,18,True,134
19,19,True,140
20,20,True,143
21,21,True,134
22,22,True,138
23,23,True,148
24,24,True,172
25,25,True,172
26,26,True,150
27,27,True,131
28,28,True,145
29,29,True,147
30,30,True,149
31,31,True,155
32,32,True,150
33,33,True,132
34,34,True,128
35,35,True,140
36,36,True,132
37,37,True,106
38,38,True,99
39,39,True,90
40,40,True,85
41,41,True,87
42,42,True,89
43,43,True,92
44,44,True,93
45,45,True,92
46,46,True,92
47,47,True,96
48,48,True,110
49,49,True,98
50,50,True,82
51,51,True,85
52,52,True,116
53,53,True,99
54,54,True,98
55,55,True,102
56,56,True,93
57,57,True,91
58,58,True,63
59,59,True,116
60,60,True,96
61,61,True,84
62,62,True,81
63,63,True,83
64,64,True,90
65,65,True,69
66,66,True,51
67,67,True,0
68,68,True,0
69,69,True,0
70,70,True,0
71,71,True,38
72,72,True,115
73,73,True,199
74,74,True,171
75,75,True,126
76,76,True,115
77,77,True,115
78,78,True,12
79,79,True,12
80,80,True,14
81,81,True,115
82,82,True,90
83,83,True,78
84,84,True,83
85,85,True,81
86,86,True,80
87,87,True,101
88,88,True,81
89,89,True,97
90,90,True,122
91,91,True,112
92,92,True,126
93,93,True,145
94,94,True,147
95,95,True,120
96,96,True,115
97,97,True,90
98,98,True,90
99,99,True,32
100,100,True,93
101,101,True,107
102,102,True,105
103,103,True,108
104,104,True,110
105,105,True,123
106,106,True,110
107,107,True,96
108,108,True,101
109,109,True,98
110,110,True,104
111,111,True,117
112,112,True,121
113,113,True,105
114,114,True,84
115,115,True,126
116,116,True,139
117,117,True,131
118,118,True,104
119,119,True,90
120,120,True,109
121,121,True,135
122,122,True,111
123,123,True,99
124,124,True,117
125,125,True,129
126,126,True,124
127,127,True,140
128,128,True,139
129,129,True,115
130,130,True,113
131,131,True,119
132,132,True,127
133,133,True,120
134,134,True,129
135,135,True,132
136,136,True,114
137,137,True,57
138,138,True,0
139,139,True,0
140,140,True,0
141,141,True,0
142,142,True,0
143,143,True,0
144,144,True,0
145,145,True,0
146,146,True,0
147,147,True,0
148,148,True,93
149,149,True,140
150,150,True,231
151,151,True,233
152,152,True,233
153,153,True,232
154,154,True,233
155,155,True,265
156,156,True,259
157,157,True,274
158,158,True,302
159,159,True,315
160,160,True,229
161,161,True,159
162,162,True,139
163,163,True,139
164,164,True,0
165,165,True,0
166,166,True,0
167,167,True,0
168,168,True,0
169,169,True,75
170,170,True,150
171,171,True,146
172,172,True,124
173,173,True,104
174,174,True,81
175,175,True,85
176,176,True,113
177,177,True,110
178,178,True,94
179,179,True,80
180,180,True,77
181,181,True,93
182,182,True,92
183,183,True,95
184,184,True,113
185,185,True,109
186,186,True,99
187,187,True,118
188,188,True,126
189,189,True,130
190,190,True,134
191,191,True,134
192,192,True,144
193,193,True,156
194,194,True,135
195,195,True,120
196,196,True,107
197,197,True,120
198,198,True,127
199,199,True,131
200,200,True,0
201,201,True,0
202,202,True,0
203,203,True,0
204,204,True,0
205,205,True,0
206,206,True,0
207,207,True,0
208,208,True,61
209,209,True,245
210,210,True,245
211,211,True,162
212,212,True,162
213,213,True,204
214,214,True,212
215,215,True,192
216,216,True,172
217,217,True,159
218,218,True,121
219,219,True,98
220,220,True,156
221,221,True,151
222,222,True,151
223,223,True,201
224,224,True,403
225,225,True,324
226,226,True,23
227,227,True,39
228,228,True,121
229,229,True,194
230,230,True,92
231,231,True,101
232,232,True,121
233,233,True,126
234,234,True,158
235,235,True,151
236,236,True,141
237,237,True,151
238,238,True,174
239,239,True,168
240,240,True,188
241,241,True,193
242,242,True,193
243,243,True,190
244,244,True,188
245,245,True,176
246,246,True,178
247,247,True,187
248,248,True,215
249,249,True,217
250,250,True,174
251,251,True,147
252,252,True,173
253,253,True,183
254,254,True,147
255,255,True,112
256,256,True,126
257,257,True,63
258,258,True,0
259,259,True,0
260,260,True,0
261,261,True,0
262,262,True,326
263,263,True,293
264,264,True,240
265,265,True,141
266,266,True,103
267,267,True,110
268,268,True,110
269,269,True,125
270,270,True,140
271,271,True,124
272,272,True,137
273,273,True,138
274,274,True,136
275,275,True,147
276,276,True,163
277,277,True,163
278,278,True,157
279,279,True,145
280,280,True,125
281,281,True,129
282,282,True,135
283,283,True,133
284,284,True,140
285,285,True,151
286,286,True,145
287,287,True,125
288,288,True,120
289,289,True,124
290,290,True,118
291,291,True,109
292,292,True,98
293,293,True,98
294,294,True,32
295,295,True,0
296,296,True,0
297,297,True,0
298,298,True,0
299,299,True,0
300,300,True,0
301,301,True,0
302,302,True,0
303,303,True,0
304,304,True,0
305,305,True,261
306,306,True,261
307,307,True,248
308,308,True,244
309,309,True,232
310,310,True,143
311,311,True,112
312,312,True,105
313,313,True,105
314,314,True,116
315,315,True,124
316,316,True,131
317,317,True,153
318,318,True,157
319,319,True,162
320,320,True,149
321,321,True,146
322,322,True,151
323,323,True,153
324,324,True,144
325,325,True,133
326,326,True,127
327,327,True,124
328,328,True,107
329,329,True,100
330,330,True,101
331,331,True,99
332,332,True,119
333,333,True,123
334,334,True,127
335,335,True,124
336,336,True,124
337,337,True,127
338,338,True,138
339,339,True,111
340,340,True,105
341,341,True,118
342,342,True,129
343,343,True,132
344,344,True,131
345,345,True,124
346,346,True,116
347,347,True,116
348,348,True,113
349,349,True,97
350,350,True,87
351,351,True,87
352,352,True,103
353,353,True,107
354,354,True,114
355,355,True,107
356,356,True,103
357,357,True,0
358,358,True,0
359,359,True,0
360,360,True,0
361,361,True,0
362,362,True,61
363,363,True,247
364,364,True,226
365,365,True,153
366,366,True,139
367,367,True,163
368,368,True,181
369,369,True,164
370,370,True,153
371,371,True,143
372,372,True,153
373,373,True,143
374,374,True,143
375,375,True,128
376,376,True,69
377,377,True,122
378,378,True,131
379,379,True,145
380,380,True,155
381,381,True,130
382,382,True,134
383,383,True,146
384,384,True,146
385,385,True,135
386,386,True,112
387,387,True,128
388,388,True,116
389,389,True,127
390,390,True,151
391,391,True,142
392,392,True,123
393,393,True,113
394,394,True,112
395,395,True,109
396,396,True,111
397,397,True,121
398,398,True,127
399,399,True,117
400,400,True,118
401,401,True,137
402,402,True,136
403,403,True,128
404,404,True,118
405,405,True,150
406,406,True,152
407,407,True,127
408,408,True,127
409,409,True,130
410,410,True,131
411,411,True,140
412,412,True,117
413,413,True,115
414,414,True,124
415,415,True,122
416,416,True,112
417,417,True,112
418,418,True,120
419,419,True,128
420,420,True,121
421,421,True,117
422,422,True,111
423,423,True,116
424,424,True,120
425,425,True,135
426,426,True,132
427,427,True,126
428,428,True,131
429,429,True,132
430,430,True,125
431,431,True,117
432,432,True,117
433,433,True,129
434,434,True,124
435,435,True,124
436,436,True,0
437,437,True,0
438,438,True,0
439,439,True,0
440,440,True,0
441,441,True,0
442,442,True,0
443,443,True,0
444,444,True,0
445,445,True,0
446,446,True,0
447,447,True,0
448,448,True,0
449,449,True,0
450,450,True,0
451,451,True,0
452,452,True,0
453,586,False,0
454,587,True,154
455,588,True,153
456,589,True,153
457,590,True,143
458,591,True,146
459,592,True,152
460,593,True,153
461,594,True,150
462,595,True,144
463,596,True,136
464,597,True,126
465,598,True,118
466,599,True,118
467,600,True,111
468,601,True,107
469,602,True,90
470,603,True,83
471,604,True,94
472,605,True,106
473,606,True,99
474,607,True,102
475,608,True,107
476,609,True,113
477,610,True,117
478,611,True,0
479,612,True,0
480,613,True,0
481,614,True,0
482,615,True,0
483,616,True,0
484,617,True,0
485,618,True,0
486,619,True,0
487,620,True,0
488,621,True,237
489,622,True,233
490,623,True,118
491,624,True,126
492,625,True,134
493,626,True,137
494,627,True,148
495,628,True,148
496,629,True,122
497,630,True,144
498,631,True,117
499,632,True,99
500,633,True,83
501,634,True,80
502,635,True,89
503,636,True,91
504,637,True,94
505,638,True,93
506,639,True,94
507,640,True,105
508,641,True,105
509,642,True,102
510,643,True,84
511,644,True,102
512,645,True,100
513,646,True,105
514,647,True,100
515,648,True,115
516,649,True,107
517,650,True,87
518,651,True,86
519,652,True,85
520,653,True,91
521,654,True,94
522,655,True,76
523,656,True,85
524,657,True,78
525,658,True,69
526,659,True,75
527,660,True,80
528,661,True,76
529,662,True,64
530,663,True,61
531,664,True,80
532,665,True,78
533,666,True,75
534,667,True,71
535,668,True,76
536,669,True,80
537,670,True,101
538,671,True,110
539,672,True,101
540,673,True,108
541,674,True,86
542,675,True,106
543,676,True,117
544,677,True,116
545,678,True,129
546,679,True,137
547,680,True,137
548,681,True,128
549,682,True,126
550,683,True,111
551,684,True,98
552,685,True,92
553,686,True,97
554,687,True,87
555,688,True,84
556,689,True,86
557,690,True,92
558,691,True,115
559,692,True,114
560,693,True,106
561,694,True,104
562,695,True,98
563,696,True,106
564,697,True,149
565,698,True,144
566,699,True,132
567,700,True,124
568,701,True,113
569,702,True,108
570,703,True,112
571,704,True,121
572,705,True,115
573,706,True,114
574,707,True,122
575,708,True,116
576,709,True,128
577,710,True,113
578,711,True,105
579,712,True,114
580,713,True,118
581,714,True,120
582,715,True,113
583,716,True,112
584,717,True,116
585,718,True,111
586,719,True,102
587,720,True,90
588,721,True,94
589,722,True,114
590,723,True,119
591,724,True,109
592,725,True,103
593,726,True,99
594,727,True,97
595,728,True,91
596,729,True,88
597,730,True,98
598,731,True,87
599,732,True,104
600,733,True,109
601,734,True,112
602,735,True,102
603,736,True,105
604,737,True,105
605,738,True,92
606,739,True,68
607,740,True,77
608,741,True,119
609,742,True,122
610,743,True,117
611,744,True,112
612,745,True,102
613,746,True,87
614,747,True,111
615,748,True,108
616,749,True,101
617,750,True,105
618,751,True,101
619,752,True,93
620,753,True,90
621,754,True,105
622,755,True,107
623,756,True,122
624,757,True,116
625,758,True,104
626,759,True,99
627,760,True,103
628,761,True,110
629,762,True,106
630,763,True,108
631,764,True,104
632,765,True,101
633,766,True,94
634,767,True,90
635,768,True,140
636,769,True,130
637,770,True,108
638,771,True,113
639,772,True,110
640,773,True,108
641,774,True,96
642,775,True,98
643,776,True,103
644,777,True,114
645,778,True,121
646,779,True,118
647,780,True,105
648,781,True,113
649,782,True,115
650,783,True,113
651,784,True,109
652,785,True,114
653,786,True,130
654,787,True,122
655,788,True,116
656,789,True,124
657,790,True,127
658,791,True,112
659,792,True,96
660,793,True,89
661,794,True,76
662,795,True,90
663,796,True,104
664,797,True,128
665,798,True,135
666,799,True,127
667,800,True,117
668,801,True,129
669,802,True,129
670,803,True,138
671,804,True,148
672,805,True,129
673,806,True,124
674,807,True,108
675,808,True,104
676,809,True,98
677,810,True,124
678,811,True,116
679,812,True,107
680,813,True,112
681,814,True,103
682,815,True,100
683,816,True,107
684,817,True,103
685,818,True,98
686,819,True,99
687,820,True,98
688,821,True,106
689,822,True,110
690,823,True,110
691,824,True,93
692,825,True,92
693,826,True,94
694,827,True,95
695,828,True,95
696,829,True,100
697,830,True,123
698,831,True,130
699,832,True,133
700,833,True,129
701,834,True,116
702,835,True,102
703,836,True,109
704,837,True,103
705,838,True,96
706,839,True,105
707,840,True,119
708,841,True,110
709,842,True,113
710,843,True,109
711,844,True,106
712,845,True,102
713,846,True,117
714,847,True,128
715,848,True,151
716,849,True,113
717,850,True,113
718,851,True,105
719,852,True,112
720,853,True,110
721,854,True,117
722,855,True,112
723,856,True,110
724,857,True,102
725,858,True,102
726,859,True,126
727,860,True,128
728,861,True,125
729,862,True,133
730,863,True,126
731,864,True,126
732,865,True,117
733,866,True,97
734,867,True,94
735,868,True,98
736,869,True,115
737,870,True,122
738,871,True,117
739,872,True,104
740,873,True,98
741,874,True,100
742,875,True,105
743,876,True,113
744,877,True,110
745,878,True,98
746,879,True,114
747,880,True,124
748,881,True,118
749,882,True,103
750,883,True,103
751,884,True,102
752,885,True,104
753,886,True,105
754,887,True,102
755,888,True,98
756,889,True,102
757,890,True,113
758,891,True,85
759,892,True,82
760,893,True,85
761,894,True,77
762,895,True,73
763,896,True,79
764,897,True,68
765,898,True,79
766,899,True,96
767,900,True,148
768,901,True,49
769,902,True,0
770,903,True,0
771,904,True,0
772,905,True,0
773,906,True,0
774,907,True,0
775,908,True,0
776,909,True,0
777,910,True,0
778,911,True,0
779,912,True,0
780,913,False,0
781,914,False,0
782,915,False,0
783,916,False,0
784,917,False,0
785,918,False,0
786,919,True,0
787,920,True,0
788,921,True,0
789,922,True,0
790,923,True,49
791,924,True,196
792,925,True,196
793,926,True,113
794,927,True,161
795,928,True,215
796,929,True,269
797,930,True,231
798,931,True,205
799,932,True,187
800,933,True,154
801,934,True,142
802,935,True,149
803,936,True,143
804,937,True,131
805,938,True,129
806,939,True,130
807,940,True,131
808,941,True,129
809,942,True,133
810,943,True,141
811,944,True,155
812,945,True,155
813,946,True,140
814,947,True,131
815,948,True,122
816,949,True,116
817,950,True,115
818,951,True,118
819,952,True,128
820,953,True,120
821,954,True,110
822,955,True,101
823,956,True,96
824,957,True,92
825,958,True,92
826,959,True,94
827,960,True,102
828,961,True,100
829,962,True,93
830,963,True,102
831,964,True,111
832,965,True,109
833,966,True,115
834,967,True,108
835,968,True,107
836,969,True,111
837,970,True,86
838,971,True,94
839,972,True,107
840,973,True,105
841,974,True,98
842,975,True,100
843,976,True,100
844,977,True,99
845,978,True,101
846,979,True,107
847,980,True,105
848,981,True,97
849,982,True,95
850,983,True,101
851,984,True,98
852,985,True,119
853,986,True,131
854,987,True,129
855,988,True,105
856,989,True,107
857,990,True,111
858,991,True,106
859,992,True,104
860,993,True,105
861,994,True,104
862,995,True,106
863,996,True,118
864,997,True,133
865,998,True,134
866,999,True,134
867,1000,True,132
868,1001,True,133
869,1002,True,129
870,1003,True,128
871,1004,True,127
872,1005,True,127
873,1006,True,119
874,1007,True,125
875,1008,True,118
876,1009,True,111
877,1010,True,111
878,1011,True,116
879,1012,True,102
880,1013,True,105
881,1014,True,125
882,1015,True,135
883,1016,True,123
884,1017,True,129
885,1018,True,139
886,1019,True,142
887,1020,True,133
888,1021,True,130
889,1022,True,126
890,1023,True,99
891,1024,True,98
892,1025,True,101
893,1026,True,100
894,1027,True,112
895,1028,True,119
896,1029,True,126
897,1030,True,139
898,1031,True,141
899,1032,True,132
900,1033,True,131
901,1034,True,135
902,1035,True,129
903,1036,True,126
904,1037,True,123
905,1038,True,118
906,1039,True,133
907,1040,True,127
908,1041,True,124
909,1042,True,115
910,1043,True,128
911,1044,True,127
912,1045,True,127
913,1046,True,125
914,1047,True,123
915,1048,True,113
916,1049,True,113
917,1050,True,123
918,1051,True,121
919,1052,True,123
920,1053,True,119
921,1054,True,114
922,1055,True,113
923,1056,True,112
924,1057,True,106
925,1058,True,112
926,1059,True,123
927,1060,True,120
928,1061,True,116
929,1062,True,122
930,1063,True,124
931,1064,True,116
932,1065,True,114
933,1066,True,97
934,1067,True,92
935,1068,True,81
936,1069,True,104
937,1070,True,114
938,1071,True,118
939,1072,True,115
940,1073,True,114
941,1074,True,118
942,1075,True,102
943,1076,True,101
944,1077,True,98
945,1078,True,88
946,1079,True,92
947,1080,True,126
948,1081,True,134
949,1082,True,130
950,1083,True,110
951,1084,True,98
952,1085,True,85
953,1086,True,96
954,1087,True,102
955,1088,True,114
956,1089,True,121
957,1090,True,128
958,1091,True,128
959,1092,True,124
960,1093,True,129
961,1094,True,129
962,1095,True,131
963,1096,True,116
964,1097,True,109
965,1098,True,118
966,1099,True,123
967,1100,True,125
968,1101,True,134
969,1102,True,118
970,1103,True,116
971,1104,True,122
972,1105,True,124
973,1106,True,125
974,1107,True,120
975,1108,True,123
976,1109,True,123
977,1110,True,120
978,1111,True,119
979,1112,True,120
980,1113,True,100
981,1114,True,106
982,1115,True,127
983,1116,True,128
984,1117,True,122
985,1118,True,121
986,1119,True,101
987,1120,True,106
988,1121,True,113
989,1122,True,90
990,1123,True,86
991,1124,True,85
992,1125,True,81
993,1126,True,82
994,1127,True,89
995,1128,True,83
996,1129,True,83
997,1130,True,97
998,1131,True,85
999,1132,True,91
1000,1133,True,99
1001,1134,True,91
1002,1135,True,78
1003,1136,True,82
1004,1137,True,85
1005,1138,True,86
1006,1139,True,92
1007,1140,True,95
1008,1141,True,94
1009,1142,True,104
1010,1143,True,110
1011,1144,True,107
1012,1145,True,110
1013,1146,True,116
1014,1147,True,117
1015,1148,True,115
1016,1149,True,121
1017,1150,True,121
1018,1151,True,126
1019,1152,True,131
1020,1153,True,133
1021,1154,True,134
1022,1155,True,115
1023,1156,True,114
1024,1157,True,114
1025,1158,True,110
1026,1159,True,115
1027,1160,True,115
1028,1161,True,106
1029,1162,True,106
1030,1163,True,111
1031,1164,True,113
1032,1165,True,112
1033,1166,True,88
1034,1167,True,86
1035,1168,True,93
1036,1169,True,96
1037,1170,True,102
1038,1171,True,106
1039,1172,True,102
1040,1173,True,109
1041,1174,True,104
1042,1175,True,104
1043,1176,True,110
1044,1177,True,122
1045,1178,True,108
1046,1179,True,104
1047,1180,True,109
1048,1181,True,110
1049,1182,True,112
1050,1183,True,92
1051,1184,True,96
1052,1185,True,107
1053,1186,True,116
1054,1187,True,118
1055,1188,True,119
1056,1189,True,106
1057,1190,True,109
1058,1191,True,118
1059,1192,True,125
1060,1193,True,121
1061,1194,True,134
1062,1195,True,131
1063,1196,True,125
1064,1197,True,137
1065,1198,True,121
1066,1199,True,138
1067,1200,True,141
1068,1201,True,126
1069,1202,True,126
1070,1203,True,85
1071,1204,True,98
1072,1205,True,103
1073,1206,True,103
1074,1207,True,119
1075,1208,True,118
1076,1209,True,109
1077,1210,True,107
1078,1211,True,110
1079,1212,True,124
1080,1213,True,106
1081,1214,True,122
1082,1215,True,119
1083,1216,True,102
1084,1217,True,112
1085,1218,True,106
1086,1219,True,109
1087,1220,True,113
1088,1221,True,101
1089,1222,True,104
1090,1223,True,91
1091,1224,True,66
1092,1225,True,96
1093,1226,True,108
1094,1227,True,107
1095,1228,True,90
1096,1229,True,84
1097,1230,True,81
1098,1231,True,106
1099,1232,True,115
1100,1233,True,116
1101,1234,True,115
1102,1235,True,103
1103,1236,True,103
1104,1237,True,99
1105,1238,True,91
1106,1239,True,74
1107,1240,True,100
1108,1241,True,107
1109,1242,True,107
1110,1243,True,102
1111,1244,True,108
1112,1245,True,122
1113,1246,True,122
1114,1247,True,110
1115,1248,True,111
1116,1249,True,121
1117,1250,True,121
1118,1251,True,112
1119,1252,True,96
1120,1253,True,101
1121,1254,True,114
1122,1255,True,119
1123,1256,True,119
1124,1257,True,121
1125,1258,True,138
1126,1259,True,138
1127,1260,True,136
1128,1261,True,125
1129,1262,True,121
1130,1263,True,129
1131,1264,True,128
1132,1265,True,125
1133,1266,True,113
1134,1267,True,109
1135,1268,True,102
1136,1269,True,101
1137,1270,True,97
1138,1271,True,92
1139,1272,True,103
1140,1273,True,97
1141,1274,True,97
1142,1275,True,101
1143,1276,True,90
1144,1277,True,85
1145,1278,True,105
1146,1279,True,103
1147,1280,True,102
1148,1281,True,101
1149,1282,True,98
1150,1283,True,102
1151,1284,True,93
1152,1285,True,86
1153,1286,True,87
1154,1287,True,106
1155,1288,True,93
1156,1289,True,86
1157,1290,True,88
1158,1291,True,98
1159,1292,True,103
1160,1293,True,112
1161,1294,True,106
1162,1295,True,103
1163,1296,True,94
1164,1297,True,87
1165,1298,True,102
1166,1299,True,105
1167,1300,True,104
1168,1301,True,101
1169,1302,True,101
1170,1303,True,80
1171,1304,True,108
1172,1305,True,106
1173,1306,True,98
1174,1307,True,104
1175,1308,True,113
1176,1309,True,102
1177,1310,True,115
1178,1311,True,132
1179,1312,True,71
1180,1313,True,71
1181,1314,True,0
1182,1315,True,0
1183,1316,True,0
1184,1317,True,0
1185,1318,True,0
1186,1319,True,0
1187,1320,True,0
1188,1321,True,0
1189,1322,True,0
1190,1323,True,0
1191,1324,True,0
1192,1325,True,0
1193,1326,True,31
1194,1327,True,151
1195,1328,True,175
1196,1329,True,198
1197,1330,True,168
1198,1331,True,148
1199,1332,True,127
1200,1333,True,97
1201,1334,True,132
1202,1335,True,173
1203,1336,True,162
1204,1337,True,126
1205,1338,True,112
1206,1339,True,121
1207,1340,True,114
1208,1341,True,103
1209,1342,True,88
1210,1343,True,106
1211,1344,True,113
1212,1345,True,100
1213,1346,True,99
1214,1347,True,95
1215,1348,True,92
1216,1349,True,92
1217,1350,True,88
1218,1351,True,73
1219,1352,True,68
1220,1353,True,70
1221,1354,True,71
1222,1355,True,82
1223,1356,True,88
1224,1357,True,72
1225,1358,True,63
1226,1359,True,69
1227,1360,True,81
1228,1361,True,78
1229,1362,True,63
1230,1363,True,53
1231,1364,True,54
1232,1365,True,64
1233,1366,True,61
1234,1367,True,49
1235,1368,True,27
1236,1369,True,0
1237,1370,True,0
1238,1371,True,0
1239,1372,True,0
1240,1373,True,0
1241,1374,True,0
1242,1375,True,0
1243,1376,True,54
1244,1377,True,156
1245,1378,True,136
1246,1379,True,128
1247,1380,True,129
1248,1381,True,118
1249,1382,True,122
1250,1383,True,145
1251,1384,True,126
1252,1385,True,87
1253,1386,True,87
1254,1387,True,82
1255,1388,True,76
1256,1389,True,64
1257,1390,True,58
1258,1391,True,29
1259,1392,True,0
1260,1393,True,0
1261,1394,True,0
1262,1395,True,0
1263,1396,True,0
1264,1397,True,0
1265,1398,True,0
1266,1399,True,0
1267,1400,True,0
1268,1401,True,0
1269,1402,True,0
1270,1403,True,30
1271,1404,True,90
1272,1405,True,22
1273,1406,True,0
1274,1407,True,0
1275,1408,True,0
1276,1409,True,0
1277,1410,True,0
1278,1411,True,0
1279,1412,True,0
1280,1413,True,0
1281,1414,True,0
1282,1415,True,0
1283,1416,True,0
1284,1417,True,0
1285,1418,True,0
1286,1419,True,0
1287,1420,True,0
1288,1421,False,0
1289,1422,False,0
1290,1423,False,0
1291,1424,False,0
1292,1425,False,0
1293,1426,False,0
1294,1427,True,0
1295,1428,False,0
1296,1429,False,0
1297,1430,False,0
1298,1431,False,0
1299,1432,False,0
1300,1433,False,0
1301,1434,False,0
1302,1435,False,0
1303,1436,False,0
1304,1437,False,0
1305,1438,False,0
1306,1439,False,0
1307,1440,False,0
1308,1441,False,0
1309,1442,False,0
1310,1443,False,0
1311,1444,False,0
1312,1445,False,0
1313,1446,False,0
1314,1447,False,0
